Entity,Code,Year,Solar (TWh growth â€“ sub method)
Africa,,1966,0
Africa,,1967,0
Africa,,1968,0
Africa,,1969,0
Africa,,1970,0
Africa,,1971,0
Africa,,1972,0
Africa,,1973,0
Africa,,1974,0
Africa,,1975,0
Africa,,1976,0
Africa,,1977,0
Africa,,1978,0
Africa,,1979,0
Africa,,1980,0
Africa,,1981,0
Africa,,1982,0
Africa,,1983,0
Africa,,1984,0
Africa,,1985,0
Africa,,1986,0
Africa,,1987,0
Africa,,1988,0
Africa,,1989,0
Africa,,1990,0
Africa,,1991,0
Africa,,1992,0
Africa,,1993,0
Africa,,1994,0
Africa,,1995,0
Africa,,1996,0
Africa,,1997,0
Africa,,1998,0
Africa,,1999,0
Africa,,2000,0.037
Africa,,2001,0.009
Africa,,2002,0.008
Africa,,2003,0.009
Africa,,2004,0.012
Africa,,2005,0.013
Africa,,2006,0.022
Africa,,2007,0.033
Africa,,2008,0.057
Africa,,2009,0.059
Africa,,2010,0.3
Africa,,2011,0.616
Africa,,2012,0.246
Africa,,2013,0.691
Africa,,2014,2.55
Africa,,2015,4.436
Africa,,2016,3.325
Africa,,2017,5.039
Africa,,2018,7.021
Africa,,2019,23.503
Algeria,DZA,1966,0
Algeria,DZA,1967,0
Algeria,DZA,1968,0
Algeria,DZA,1969,0
Algeria,DZA,1970,0
Algeria,DZA,1971,0
Algeria,DZA,1972,0
Algeria,DZA,1973,0
Algeria,DZA,1974,0
Algeria,DZA,1975,0
Algeria,DZA,1976,0
Algeria,DZA,1977,0
Algeria,DZA,1978,0
Algeria,DZA,1979,0
Algeria,DZA,1980,0
Algeria,DZA,1981,0
Algeria,DZA,1982,0
Algeria,DZA,1983,0
Algeria,DZA,1984,0
Algeria,DZA,1985,0
Algeria,DZA,1986,0
Algeria,DZA,1987,0
Algeria,DZA,1988,0
Algeria,DZA,1989,0
Algeria,DZA,1990,0
Algeria,DZA,1991,0
Algeria,DZA,1992,0
Algeria,DZA,1993,0
Algeria,DZA,1994,0
Algeria,DZA,1995,0
Algeria,DZA,1996,0
Algeria,DZA,1997,0
Algeria,DZA,1998,0
Algeria,DZA,1999,0
Algeria,DZA,2000,0
Algeria,DZA,2001,0
Algeria,DZA,2002,0
Algeria,DZA,2003,0
Algeria,DZA,2004,0
Algeria,DZA,2005,0
Algeria,DZA,2006,0
Algeria,DZA,2007,0
Algeria,DZA,2008,0
Algeria,DZA,2009,0
Algeria,DZA,2010,0.024
Algeria,DZA,2011,0.023
Algeria,DZA,2012,0.022
Algeria,DZA,2013,0.004
Algeria,DZA,2014,0.079
Algeria,DZA,2015,-0.006
Algeria,DZA,2016,0.469
Algeria,DZA,2017,0.644
Algeria,DZA,2018,0.239
Algeria,DZA,2019,0.024
Argentina,ARG,1966,0
Argentina,ARG,1967,0
Argentina,ARG,1968,0
Argentina,ARG,1969,0
Argentina,ARG,1970,0
Argentina,ARG,1971,0
Argentina,ARG,1972,0
Argentina,ARG,1973,0
Argentina,ARG,1974,0
Argentina,ARG,1975,0
Argentina,ARG,1976,0
Argentina,ARG,1977,0
Argentina,ARG,1978,0
Argentina,ARG,1979,0
Argentina,ARG,1980,0
Argentina,ARG,1981,0
Argentina,ARG,1982,0
Argentina,ARG,1983,0
Argentina,ARG,1984,0
Argentina,ARG,1985,0
Argentina,ARG,1986,0
Argentina,ARG,1987,0
Argentina,ARG,1988,0
Argentina,ARG,1989,0
Argentina,ARG,1990,0
Argentina,ARG,1991,0
Argentina,ARG,1992,0
Argentina,ARG,1993,0
Argentina,ARG,1994,0
Argentina,ARG,1995,0
Argentina,ARG,1996,0
Argentina,ARG,1997,0
Argentina,ARG,1998,0
Argentina,ARG,1999,0
Argentina,ARG,2000,0
Argentina,ARG,2001,0
Argentina,ARG,2002,0
Argentina,ARG,2003,0
Argentina,ARG,2004,0
Argentina,ARG,2005,0
Argentina,ARG,2006,0
Argentina,ARG,2007,0
Argentina,ARG,2008,0
Argentina,ARG,2009,0
Argentina,ARG,2010,0
Argentina,ARG,2011,0.004
Argentina,ARG,2012,0.017
Argentina,ARG,2013,0.018
Argentina,ARG,2014,0.002
Argentina,ARG,2015,-0.003
Argentina,ARG,2016,-0.001
Argentina,ARG,2017,0.005
Argentina,ARG,2018,0.228
Argentina,ARG,2019,1.711
Australia,AUS,1966,0
Australia,AUS,1967,0
Australia,AUS,1968,0
Australia,AUS,1969,0
Australia,AUS,1970,0
Australia,AUS,1971,0
Australia,AUS,1972,0
Australia,AUS,1973,0
Australia,AUS,1974,0
Australia,AUS,1975,0
Australia,AUS,1976,0
Australia,AUS,1977,0
Australia,AUS,1978,0
Australia,AUS,1979,0
Australia,AUS,1980,0
Australia,AUS,1981,0
Australia,AUS,1982,0
Australia,AUS,1983,0
Australia,AUS,1984,0
Australia,AUS,1985,0
Australia,AUS,1986,0
Australia,AUS,1987,0
Australia,AUS,1988,0
Australia,AUS,1989,0
Australia,AUS,1990,0
Australia,AUS,1991,0.015
Australia,AUS,1992,0.018
Australia,AUS,1993,0.007
Australia,AUS,1994,0.008
Australia,AUS,1995,0.01
Australia,AUS,1996,0.012
Australia,AUS,1997,0.014
Australia,AUS,1998,0.014
Australia,AUS,1999,0.014
Australia,AUS,2000,0.017
Australia,AUS,2001,0.02
Australia,AUS,2002,0.01
Australia,AUS,2003,0.012
Australia,AUS,2004,0.025
Australia,AUS,2005,0.029
Australia,AUS,2006,0.035
Australia,AUS,2007,0.042
Australia,AUS,2008,0.065
Australia,AUS,2009,0.394
Australia,AUS,2010,1.788
Australia,AUS,2011,2.749
Australia,AUS,2012,0.914
Australia,AUS,2013,3.638
Australia,AUS,2014,2.752
Australia,AUS,2015,3.099
Australia,AUS,2016,3.097
Australia,AUS,2017,3.596
Australia,AUS,2018,8.125
Australia,AUS,2019,13.931
Austria,AUT,1966,0
Austria,AUT,1967,0
Austria,AUT,1968,0
Austria,AUT,1969,0
Austria,AUT,1970,0
Austria,AUT,1971,0
Austria,AUT,1972,0
Austria,AUT,1973,0
Austria,AUT,1974,0
Austria,AUT,1975,0
Austria,AUT,1976,0
Austria,AUT,1977,0
Austria,AUT,1978,0
Austria,AUT,1979,0
Austria,AUT,1980,0
Austria,AUT,1981,0
Austria,AUT,1982,0
Austria,AUT,1983,0
Austria,AUT,1984,0
Austria,AUT,1985,0
Austria,AUT,1986,0
Austria,AUT,1987,0
Austria,AUT,1988,0
Austria,AUT,1989,0
Austria,AUT,1990,0
Austria,AUT,1991,0
Austria,AUT,1992,0
Austria,AUT,1993,0.003
Austria,AUT,1994,0
Austria,AUT,1995,0
Austria,AUT,1996,0
Austria,AUT,1997,0.003
Austria,AUT,1998,0
Austria,AUT,1999,0
Austria,AUT,2000,0.003
Austria,AUT,2001,0.005
Austria,AUT,2002,0.011
Austria,AUT,2003,0.016
Austria,AUT,2004,0.008
Austria,AUT,2005,0.008
Austria,AUT,2006,0.003
Austria,AUT,2007,0.005
Austria,AUT,2008,0.015
Austria,AUT,2009,0.049
Austria,AUT,2010,0.103
Austria,AUT,2011,0.22
Austria,AUT,2012,0.418
Austria,AUT,2013,0.733
Austria,AUT,2014,0.396
Austria,AUT,2015,0.372
Austria,AUT,2016,0.386
Austria,AUT,2017,0.416
Austria,AUT,2018,0.401
Austria,AUT,2019,-0.226
Azerbaijan,AZE,1986,0
Azerbaijan,AZE,1987,0
Azerbaijan,AZE,1988,0
Azerbaijan,AZE,1989,0
Azerbaijan,AZE,1990,0
Azerbaijan,AZE,1991,0
Azerbaijan,AZE,1992,0
Azerbaijan,AZE,1993,0
Azerbaijan,AZE,1994,0
Azerbaijan,AZE,1995,0
Azerbaijan,AZE,1996,0
Azerbaijan,AZE,1997,0
Azerbaijan,AZE,1998,0
Azerbaijan,AZE,1999,0
Azerbaijan,AZE,2000,0
Azerbaijan,AZE,2001,0
Azerbaijan,AZE,2002,0
Azerbaijan,AZE,2003,0
Azerbaijan,AZE,2004,0
Azerbaijan,AZE,2005,0
Azerbaijan,AZE,2006,0
Azerbaijan,AZE,2007,0
Azerbaijan,AZE,2008,0
Azerbaijan,AZE,2009,0
Azerbaijan,AZE,2010,0
Azerbaijan,AZE,2011,0
Azerbaijan,AZE,2012,0
Azerbaijan,AZE,2013,0.002
Azerbaijan,AZE,2014,0.005
Azerbaijan,AZE,2015,0.004
Azerbaijan,AZE,2016,0.077
Azerbaijan,AZE,2017,0.004
Azerbaijan,AZE,2018,0.005
Azerbaijan,AZE,2019,0.011
Bangladesh,BGD,1966,0
Bangladesh,BGD,1967,0
Bangladesh,BGD,1968,0
Bangladesh,BGD,1969,0
Bangladesh,BGD,1970,0
Bangladesh,BGD,1971,0
Bangladesh,BGD,1972,0
Bangladesh,BGD,1973,0
Bangladesh,BGD,1974,0
Bangladesh,BGD,1975,0
Bangladesh,BGD,1976,0
Bangladesh,BGD,1977,0
Bangladesh,BGD,1978,0
Bangladesh,BGD,1979,0
Bangladesh,BGD,1980,0
Bangladesh,BGD,1981,0
Bangladesh,BGD,1982,0
Bangladesh,BGD,1983,0
Bangladesh,BGD,1984,0
Bangladesh,BGD,1985,0
Bangladesh,BGD,1986,0
Bangladesh,BGD,1987,0
Bangladesh,BGD,1988,0
Bangladesh,BGD,1989,0
Bangladesh,BGD,1990,0
Bangladesh,BGD,1991,0
Bangladesh,BGD,1992,0
Bangladesh,BGD,1993,0
Bangladesh,BGD,1994,0
Bangladesh,BGD,1995,0
Bangladesh,BGD,1996,0
Bangladesh,BGD,1997,0
Bangladesh,BGD,1998,0
Bangladesh,BGD,1999,0
Bangladesh,BGD,2000,0
Bangladesh,BGD,2001,0
Bangladesh,BGD,2002,0
Bangladesh,BGD,2003,0.002
Bangladesh,BGD,2004,0.003
Bangladesh,BGD,2005,0.004
Bangladesh,BGD,2006,0.005
Bangladesh,BGD,2007,0.009
Bangladesh,BGD,2008,0.016
Bangladesh,BGD,2009,0.026
Bangladesh,BGD,2010,0.05
Bangladesh,BGD,2011,0.036
Bangladesh,BGD,2012,0.083
Bangladesh,BGD,2013,0.098
Bangladesh,BGD,2014,0.093
Bangladesh,BGD,2015,0.077
Bangladesh,BGD,2016,0.033
Bangladesh,BGD,2017,0.151
Bangladesh,BGD,2018,0.054
Bangladesh,BGD,2019,0.301
Belarus,BLR,1986,0
Belarus,BLR,1987,0
Belarus,BLR,1988,0
Belarus,BLR,1989,0
Belarus,BLR,1990,0
Belarus,BLR,1991,0
Belarus,BLR,1992,0
Belarus,BLR,1993,0
Belarus,BLR,1994,0
Belarus,BLR,1995,0
Belarus,BLR,1996,0
Belarus,BLR,1997,0
Belarus,BLR,1998,0
Belarus,BLR,1999,0
Belarus,BLR,2000,0
Belarus,BLR,2001,0
Belarus,BLR,2002,0
Belarus,BLR,2003,0
Belarus,BLR,2004,0
Belarus,BLR,2005,0
Belarus,BLR,2006,0
Belarus,BLR,2007,0
Belarus,BLR,2008,0
Belarus,BLR,2009,0
Belarus,BLR,2010,0
Belarus,BLR,2011,0
Belarus,BLR,2012,0
Belarus,BLR,2013,0.001
Belarus,BLR,2014,0.004
Belarus,BLR,2015,0.018
Belarus,BLR,2016,0.043
Belarus,BLR,2017,0.157
Belarus,BLR,2018,0.071
Belarus,BLR,2019,0.003
Belgium,BEL,1966,0
Belgium,BEL,1967,0
Belgium,BEL,1968,0
Belgium,BEL,1969,0
Belgium,BEL,1970,0
Belgium,BEL,1971,0
Belgium,BEL,1972,0
Belgium,BEL,1973,0
Belgium,BEL,1974,0
Belgium,BEL,1975,0
Belgium,BEL,1976,0
Belgium,BEL,1977,0
Belgium,BEL,1978,0
Belgium,BEL,1979,0
Belgium,BEL,1980,0
Belgium,BEL,1981,0
Belgium,BEL,1982,0
Belgium,BEL,1983,0
Belgium,BEL,1984,0
Belgium,BEL,1985,0
Belgium,BEL,1986,0
Belgium,BEL,1987,0
Belgium,BEL,1988,0
Belgium,BEL,1989,0
Belgium,BEL,1990,0
Belgium,BEL,1991,0
Belgium,BEL,1992,0
Belgium,BEL,1993,0
Belgium,BEL,1994,0
Belgium,BEL,1995,0
Belgium,BEL,1996,0
Belgium,BEL,1997,0
Belgium,BEL,1998,0
Belgium,BEL,1999,0
Belgium,BEL,2000,0
Belgium,BEL,2001,0
Belgium,BEL,2002,0
Belgium,BEL,2003,0
Belgium,BEL,2004,0.003
Belgium,BEL,2005,0
Belgium,BEL,2006,0.003
Belgium,BEL,2007,0.011
Belgium,BEL,2008,0.095
Belgium,BEL,2009,0.325
Belgium,BEL,2010,1.025
Belgium,BEL,2011,1.569
Belgium,BEL,2012,2.503
Belgium,BEL,2013,1.237
Belgium,BEL,2014,0.576
Belgium,BEL,2015,0.386
Belgium,BEL,2016,0.052
Belgium,BEL,2017,0.485
Belgium,BEL,2018,1.429
Belgium,BEL,2019,0.075
Brazil,BRA,1966,0
Brazil,BRA,1967,0
Brazil,BRA,1968,0
Brazil,BRA,1969,0
Brazil,BRA,1970,0
Brazil,BRA,1971,0
Brazil,BRA,1972,0
Brazil,BRA,1973,0
Brazil,BRA,1974,0
Brazil,BRA,1975,0
Brazil,BRA,1976,0
Brazil,BRA,1977,0
Brazil,BRA,1978,0
Brazil,BRA,1979,0
Brazil,BRA,1980,0
Brazil,BRA,1981,0
Brazil,BRA,1982,0
Brazil,BRA,1983,0
Brazil,BRA,1984,0
Brazil,BRA,1985,0
Brazil,BRA,1986,0
Brazil,BRA,1987,0
Brazil,BRA,1988,0
Brazil,BRA,1989,0
Brazil,BRA,1990,0
Brazil,BRA,1991,0
Brazil,BRA,1992,0
Brazil,BRA,1993,0
Brazil,BRA,1994,0
Brazil,BRA,1995,0
Brazil,BRA,1996,0
Brazil,BRA,1997,0
Brazil,BRA,1998,0
Brazil,BRA,1999,0
Brazil,BRA,2000,0
Brazil,BRA,2001,0
Brazil,BRA,2002,0
Brazil,BRA,2003,0
Brazil,BRA,2004,0
Brazil,BRA,2005,0
Brazil,BRA,2006,0
Brazil,BRA,2007,0
Brazil,BRA,2008,0
Brazil,BRA,2009,0
Brazil,BRA,2010,0
Brazil,BRA,2011,0
Brazil,BRA,2012,0.003
Brazil,BRA,2013,0.01
Brazil,BRA,2014,0.029
Brazil,BRA,2015,0.108
Brazil,BRA,2016,0.065
Brazil,BRA,2017,1.865
Brazil,BRA,2018,6.523
Brazil,BRA,2019,5.171
Bulgaria,BGR,1966,0
Bulgaria,BGR,1967,0
Bulgaria,BGR,1968,0
Bulgaria,BGR,1969,0
Bulgaria,BGR,1970,0
Bulgaria,BGR,1971,0
Bulgaria,BGR,1972,0
Bulgaria,BGR,1973,0
Bulgaria,BGR,1974,0
Bulgaria,BGR,1975,0
Bulgaria,BGR,1976,0
Bulgaria,BGR,1977,0
Bulgaria,BGR,1978,0
Bulgaria,BGR,1979,0
Bulgaria,BGR,1980,0
Bulgaria,BGR,1981,0
Bulgaria,BGR,1982,0
Bulgaria,BGR,1983,0
Bulgaria,BGR,1984,0
Bulgaria,BGR,1985,0
Bulgaria,BGR,1986,0
Bulgaria,BGR,1987,0
Bulgaria,BGR,1988,0
Bulgaria,BGR,1989,0
Bulgaria,BGR,1990,0
Bulgaria,BGR,1991,0
Bulgaria,BGR,1992,0
Bulgaria,BGR,1993,0
Bulgaria,BGR,1994,0
Bulgaria,BGR,1995,0
Bulgaria,BGR,1996,0
Bulgaria,BGR,1997,0
Bulgaria,BGR,1998,0
Bulgaria,BGR,1999,0
Bulgaria,BGR,2000,0
Bulgaria,BGR,2001,0
Bulgaria,BGR,2002,0
Bulgaria,BGR,2003,0
Bulgaria,BGR,2004,0
Bulgaria,BGR,2005,0
Bulgaria,BGR,2006,0
Bulgaria,BGR,2007,0
Bulgaria,BGR,2008,0
Bulgaria,BGR,2009,0.008
Bulgaria,BGR,2010,0.031
Bulgaria,BGR,2011,0.223
Bulgaria,BGR,2012,1.835
Bulgaria,BGR,2013,1.388
Bulgaria,BGR,2014,-0.298
Bulgaria,BGR,2015,0.312
Bulgaria,BGR,2016,-0.013
Bulgaria,BGR,2017,0.022
Bulgaria,BGR,2018,-0.17
Bulgaria,BGR,2019,1.196
Canada,CAN,1966,0
Canada,CAN,1967,0
Canada,CAN,1968,0
Canada,CAN,1969,0
Canada,CAN,1970,0
Canada,CAN,1971,0
Canada,CAN,1972,0
Canada,CAN,1973,0
Canada,CAN,1974,0
Canada,CAN,1975,0
Canada,CAN,1976,0
Canada,CAN,1977,0
Canada,CAN,1978,0
Canada,CAN,1979,0
Canada,CAN,1980,0
Canada,CAN,1981,0
Canada,CAN,1982,0
Canada,CAN,1983,0
Canada,CAN,1984,0
Canada,CAN,1985,0
Canada,CAN,1986,0
Canada,CAN,1987,0
Canada,CAN,1988,0
Canada,CAN,1989,0
Canada,CAN,1990,0
Canada,CAN,1991,0
Canada,CAN,1992,0.006
Canada,CAN,1993,0
Canada,CAN,1994,0
Canada,CAN,1995,0.005
Canada,CAN,1996,0.006
Canada,CAN,1997,0.003
Canada,CAN,1998,0.009
Canada,CAN,1999,0.009
Canada,CAN,2000,0.009
Canada,CAN,2001,0.008
Canada,CAN,2002,0.008
Canada,CAN,2003,0
Canada,CAN,2004,-0.023
Canada,CAN,2005,0.011
Canada,CAN,2006,0.011
Canada,CAN,2007,0.016
Canada,CAN,2008,0.016
Canada,CAN,2009,0.194
Canada,CAN,2010,0.376
Canada,CAN,2011,0.818
Canada,CAN,2012,0.788
Canada,CAN,2013,1.568
Canada,CAN,2014,1.557
Canada,CAN,2015,1.929
Canada,CAN,2016,0.904
Canada,CAN,2017,0.724
Canada,CAN,2018,0.627
Canada,CAN,2019,1.105
Chile,CHL,1966,0
Chile,CHL,1967,0
Chile,CHL,1968,0
Chile,CHL,1969,0
Chile,CHL,1970,0
Chile,CHL,1971,0
Chile,CHL,1972,0
Chile,CHL,1973,0
Chile,CHL,1974,0
Chile,CHL,1975,0
Chile,CHL,1976,0
Chile,CHL,1977,0
Chile,CHL,1978,0
Chile,CHL,1979,0
Chile,CHL,1980,0
Chile,CHL,1981,0
Chile,CHL,1982,0
Chile,CHL,1983,0
Chile,CHL,1984,0
Chile,CHL,1985,0
Chile,CHL,1986,0
Chile,CHL,1987,0
Chile,CHL,1988,0
Chile,CHL,1989,0
Chile,CHL,1990,0
Chile,CHL,1991,0
Chile,CHL,1992,0
Chile,CHL,1993,0
Chile,CHL,1994,0
Chile,CHL,1995,0
Chile,CHL,1996,0
Chile,CHL,1997,0
Chile,CHL,1998,0
Chile,CHL,1999,0
Chile,CHL,2000,0
Chile,CHL,2001,0
Chile,CHL,2002,0
Chile,CHL,2003,0
Chile,CHL,2004,0
Chile,CHL,2005,0
Chile,CHL,2006,0
Chile,CHL,2007,0
Chile,CHL,2008,0
Chile,CHL,2009,0
Chile,CHL,2010,0
Chile,CHL,2011,0
Chile,CHL,2012,0.001
Chile,CHL,2013,0.016
Chile,CHL,2014,1.15
Chile,CHL,2015,2.273
Chile,CHL,2016,2.973
Chile,CHL,2017,3.326
Chile,CHL,2018,2.982
Chile,CHL,2019,2.879
China,CHN,1966,0
China,CHN,1967,0
China,CHN,1968,0
China,CHN,1969,0
China,CHN,1970,0
China,CHN,1971,0
China,CHN,1972,0
China,CHN,1973,0
China,CHN,1974,0
China,CHN,1975,0
China,CHN,1976,0
China,CHN,1977,0
China,CHN,1978,0
China,CHN,1979,0
China,CHN,1980,0
China,CHN,1981,0
China,CHN,1982,0
China,CHN,1983,0
China,CHN,1984,0
China,CHN,1985,0
China,CHN,1986,0
China,CHN,1987,0
China,CHN,1988,0
China,CHN,1989,0
China,CHN,1990,0.006
China,CHN,1991,0
China,CHN,1992,0.003
China,CHN,1993,0.003
China,CHN,1994,0.003
China,CHN,1995,0.006
China,CHN,1996,0.006
China,CHN,1997,0.006
China,CHN,1998,0.008
China,CHN,1999,0.008
China,CHN,2000,0.014
China,CHN,2001,0.024
China,CHN,2002,0.046
China,CHN,2003,0.043
China,CHN,2004,0.031
China,CHN,2005,0.02
China,CHN,2006,0.028
China,CHN,2007,0.049
China,CHN,2008,0.098
China,CHN,2009,0.331
China,CHN,2010,1.096
China,CHN,2011,4.936
China,CHN,2012,2.495
China,CHN,2013,12.181
China,CHN,2014,38.397
China,CHN,2015,40.04
China,CHN,2016,67.428
China,CHN,2017,127.196
China,CHN,2018,145.164
China,CHN,2019,114.514
Colombia,COL,1966,0
Colombia,COL,1967,0
Colombia,COL,1968,0
Colombia,COL,1969,0
Colombia,COL,1970,0
Colombia,COL,1971,0
Colombia,COL,1972,0
Colombia,COL,1973,0
Colombia,COL,1974,0
Colombia,COL,1975,0
Colombia,COL,1976,0
Colombia,COL,1977,0
Colombia,COL,1978,0
Colombia,COL,1979,0
Colombia,COL,1980,0
Colombia,COL,1981,0
Colombia,COL,1982,0
Colombia,COL,1983,0
Colombia,COL,1984,0
Colombia,COL,1985,0
Colombia,COL,1986,0
Colombia,COL,1987,0
Colombia,COL,1988,0
Colombia,COL,1989,0
Colombia,COL,1990,0
Colombia,COL,1991,0
Colombia,COL,1992,0
Colombia,COL,1993,0
Colombia,COL,1994,0
Colombia,COL,1995,0
Colombia,COL,1996,0
Colombia,COL,1997,0
Colombia,COL,1998,0
Colombia,COL,1999,0
Colombia,COL,2000,0.005
Colombia,COL,2001,0.002
Colombia,COL,2002,0.005
Colombia,COL,2003,0.005
Colombia,COL,2004,0.004
Colombia,COL,2005,0.004
Colombia,COL,2006,-0.026
Colombia,COL,2007,0
Colombia,COL,2008,0
Colombia,COL,2009,0
Colombia,COL,2010,0
Colombia,COL,2011,0
Colombia,COL,2012,0
Colombia,COL,2013,0
Colombia,COL,2014,0
Colombia,COL,2015,0
Colombia,COL,2016,0
Colombia,COL,2017,0
Colombia,COL,2018,0.03
Colombia,COL,2019,0.275
Croatia,HRV,1991,0
Croatia,HRV,1992,0
Croatia,HRV,1993,0
Croatia,HRV,1994,0
Croatia,HRV,1995,0
Croatia,HRV,1996,0
Croatia,HRV,1997,0
Croatia,HRV,1998,0
Croatia,HRV,1999,0
Croatia,HRV,2000,0
Croatia,HRV,2001,0
Croatia,HRV,2002,0
Croatia,HRV,2003,0
Croatia,HRV,2004,0
Croatia,HRV,2005,0
Croatia,HRV,2006,0
Croatia,HRV,2007,0
Croatia,HRV,2008,0
Croatia,HRV,2009,0
Croatia,HRV,2010,0
Croatia,HRV,2011,0
Croatia,HRV,2012,0.005
Croatia,HRV,2013,0.024
Croatia,HRV,2014,0.06
Croatia,HRV,2015,0.055
Croatia,HRV,2016,0.022
Croatia,HRV,2017,0.031
Croatia,HRV,2018,-0.011
Croatia,HRV,2019,0.008
Cyprus,CYP,1966,0
Cyprus,CYP,1967,0
Cyprus,CYP,1968,0
Cyprus,CYP,1969,0
Cyprus,CYP,1970,0
Cyprus,CYP,1971,0
Cyprus,CYP,1972,0
Cyprus,CYP,1973,0
Cyprus,CYP,1974,0
Cyprus,CYP,1975,0
Cyprus,CYP,1976,0
Cyprus,CYP,1977,0
Cyprus,CYP,1978,0
Cyprus,CYP,1979,0
Cyprus,CYP,1980,0
Cyprus,CYP,1981,0
Cyprus,CYP,1982,0
Cyprus,CYP,1983,0
Cyprus,CYP,1984,0
Cyprus,CYP,1985,0
Cyprus,CYP,1986,0
Cyprus,CYP,1987,0
Cyprus,CYP,1988,0
Cyprus,CYP,1989,0
Cyprus,CYP,1990,0
Cyprus,CYP,1991,0
Cyprus,CYP,1992,0
Cyprus,CYP,1993,0
Cyprus,CYP,1994,0
Cyprus,CYP,1995,0
Cyprus,CYP,1996,0
Cyprus,CYP,1997,0
Cyprus,CYP,1998,0
Cyprus,CYP,1999,0
Cyprus,CYP,2000,0
Cyprus,CYP,2001,0
Cyprus,CYP,2002,0
Cyprus,CYP,2003,0
Cyprus,CYP,2004,0.001
Cyprus,CYP,2005,0
Cyprus,CYP,2006,0.001
Cyprus,CYP,2007,0.002
Cyprus,CYP,2008,0.003
Cyprus,CYP,2009,0.003
Cyprus,CYP,2010,0.008
Cyprus,CYP,2011,0.013
Cyprus,CYP,2012,0.026
Cyprus,CYP,2013,0.064
Cyprus,CYP,2014,0.092
Cyprus,CYP,2015,0.108
Cyprus,CYP,2016,0.047
Cyprus,CYP,2017,0.063
Cyprus,CYP,2018,0.047
Cyprus,CYP,2019,0.057
Czechia,CZE,1966,0
Czechia,CZE,1967,0
Czechia,CZE,1968,0
Czechia,CZE,1969,0
Czechia,CZE,1970,0
Czechia,CZE,1971,0
Czechia,CZE,1972,0
Czechia,CZE,1973,0
Czechia,CZE,1974,0
Czechia,CZE,1975,0
Czechia,CZE,1976,0
Czechia,CZE,1977,0
Czechia,CZE,1978,0
Czechia,CZE,1979,0
Czechia,CZE,1980,0
Czechia,CZE,1981,0
Czechia,CZE,1982,0
Czechia,CZE,1983,0
Czechia,CZE,1984,0
Czechia,CZE,1985,0
Czechia,CZE,1986,0
Czechia,CZE,1987,0
Czechia,CZE,1988,0
Czechia,CZE,1989,0
Czechia,CZE,1990,0
Czechia,CZE,1991,0
Czechia,CZE,1992,0
Czechia,CZE,1993,0
Czechia,CZE,1994,0
Czechia,CZE,1995,0
Czechia,CZE,1996,0
Czechia,CZE,1997,0
Czechia,CZE,1998,0
Czechia,CZE,1999,0
Czechia,CZE,2000,0
Czechia,CZE,2001,0
Czechia,CZE,2002,0
Czechia,CZE,2003,0
Czechia,CZE,2004,0
Czechia,CZE,2005,0
Czechia,CZE,2006,0
Czechia,CZE,2007,0.004
Czechia,CZE,2008,0.029
Czechia,CZE,2009,0.199
Czechia,CZE,2010,1.372
Czechia,CZE,2011,3.883
Czechia,CZE,2012,0.109
Czechia,CZE,2013,-0.297
Czechia,CZE,2014,0.102
Czechia,CZE,2015,0.324
Czechia,CZE,2016,-0.368
Czechia,CZE,2017,0.124
Czechia,CZE,2018,0.332
Czechia,CZE,2019,-0.165
Denmark,DNK,1966,0
Denmark,DNK,1967,0
Denmark,DNK,1968,0
Denmark,DNK,1969,0
Denmark,DNK,1970,0
Denmark,DNK,1971,0
Denmark,DNK,1972,0
Denmark,DNK,1973,0
Denmark,DNK,1974,0
Denmark,DNK,1975,0
Denmark,DNK,1976,0
Denmark,DNK,1977,0
Denmark,DNK,1978,0
Denmark,DNK,1979,0
Denmark,DNK,1980,0
Denmark,DNK,1981,0
Denmark,DNK,1982,0
Denmark,DNK,1983,0
Denmark,DNK,1984,0
Denmark,DNK,1985,0
Denmark,DNK,1986,0
Denmark,DNK,1987,0
Denmark,DNK,1988,0
Denmark,DNK,1989,0
Denmark,DNK,1990,0
Denmark,DNK,1991,0
Denmark,DNK,1992,0
Denmark,DNK,1993,0
Denmark,DNK,1994,0
Denmark,DNK,1995,0
Denmark,DNK,1996,0
Denmark,DNK,1997,0
Denmark,DNK,1998,0
Denmark,DNK,1999,0.001
Denmark,DNK,2000,0.001
Denmark,DNK,2001,0
Denmark,DNK,2002,0
Denmark,DNK,2003,0.001
Denmark,DNK,2004,0.001
Denmark,DNK,2005,0.001
Denmark,DNK,2006,0
Denmark,DNK,2007,0.001
Denmark,DNK,2008,0
Denmark,DNK,2009,0.003
Denmark,DNK,2010,0.006
Denmark,DNK,2011,0.023
Denmark,DNK,2012,0.228
Denmark,DNK,2013,1.058
Denmark,DNK,2014,0.191
Denmark,DNK,2015,0.013
Denmark,DNK,2016,0.342
Denmark,DNK,2017,0.008
Denmark,DNK,2018,0.49
Denmark,DNK,2019,0.017
Ecuador,ECU,1966,0
Ecuador,ECU,1967,0
Ecuador,ECU,1968,0
Ecuador,ECU,1969,0
Ecuador,ECU,1970,0
Ecuador,ECU,1971,0
Ecuador,ECU,1972,0
Ecuador,ECU,1973,0
Ecuador,ECU,1974,0
Ecuador,ECU,1975,0
Ecuador,ECU,1976,0
Ecuador,ECU,1977,0
Ecuador,ECU,1978,0
Ecuador,ECU,1979,0
Ecuador,ECU,1980,0
Ecuador,ECU,1981,0
Ecuador,ECU,1982,0
Ecuador,ECU,1983,0
Ecuador,ECU,1984,0
Ecuador,ECU,1985,0
Ecuador,ECU,1986,0
Ecuador,ECU,1987,0
Ecuador,ECU,1988,0
Ecuador,ECU,1989,0
Ecuador,ECU,1990,0
Ecuador,ECU,1991,0
Ecuador,ECU,1992,0
Ecuador,ECU,1993,0
Ecuador,ECU,1994,0
Ecuador,ECU,1995,0
Ecuador,ECU,1996,0
Ecuador,ECU,1997,0
Ecuador,ECU,1998,0
Ecuador,ECU,1999,0
Ecuador,ECU,2000,0
Ecuador,ECU,2001,0
Ecuador,ECU,2002,0
Ecuador,ECU,2003,0
Ecuador,ECU,2004,0
Ecuador,ECU,2005,0
Ecuador,ECU,2006,0
Ecuador,ECU,2007,0
Ecuador,ECU,2008,0
Ecuador,ECU,2009,0
Ecuador,ECU,2010,0
Ecuador,ECU,2011,0
Ecuador,ECU,2012,0.001
Ecuador,ECU,2013,0.009
Ecuador,ECU,2014,0.033
Ecuador,ECU,2015,0.049
Ecuador,ECU,2016,0.006
Ecuador,ECU,2017,-0.004
Ecuador,ECU,2018,0.001
Ecuador,ECU,2019,0.318
Egypt,EGY,1966,0
Egypt,EGY,1967,0
Egypt,EGY,1968,0
Egypt,EGY,1969,0
Egypt,EGY,1970,0
Egypt,EGY,1971,0
Egypt,EGY,1972,0
Egypt,EGY,1973,0
Egypt,EGY,1974,0
Egypt,EGY,1975,0
Egypt,EGY,1976,0
Egypt,EGY,1977,0
Egypt,EGY,1978,0
Egypt,EGY,1979,0
Egypt,EGY,1980,0
Egypt,EGY,1981,0
Egypt,EGY,1982,0
Egypt,EGY,1983,0
Egypt,EGY,1984,0
Egypt,EGY,1985,0
Egypt,EGY,1986,0
Egypt,EGY,1987,0
Egypt,EGY,1988,0
Egypt,EGY,1989,0
Egypt,EGY,1990,0
Egypt,EGY,1991,0
Egypt,EGY,1992,0
Egypt,EGY,1993,0
Egypt,EGY,1994,0
Egypt,EGY,1995,0
Egypt,EGY,1996,0
Egypt,EGY,1997,0
Egypt,EGY,1998,0
Egypt,EGY,1999,0
Egypt,EGY,2000,0.001
Egypt,EGY,2001,0.002
Egypt,EGY,2002,0
Egypt,EGY,2003,0
Egypt,EGY,2004,0
Egypt,EGY,2005,0
Egypt,EGY,2006,0
Egypt,EGY,2007,0.001
Egypt,EGY,2008,0.001
Egypt,EGY,2009,0.002
Egypt,EGY,2010,0.06
Egypt,EGY,2011,0.177
Egypt,EGY,2012,-0.093
Egypt,EGY,2013,0.002
Egypt,EGY,2014,-0.046
Egypt,EGY,2015,0.06
Egypt,EGY,2016,0.098
Egypt,EGY,2017,1.242
Egypt,EGY,2018,2.249
Egypt,EGY,2019,5.351
Estonia,EST,1986,0
Estonia,EST,1987,0
Estonia,EST,1988,0
Estonia,EST,1989,0
Estonia,EST,1990,0
Estonia,EST,1991,0
Estonia,EST,1992,0
Estonia,EST,1993,0
Estonia,EST,1994,0
Estonia,EST,1995,0
Estonia,EST,1996,0
Estonia,EST,1997,0
Estonia,EST,1998,0
Estonia,EST,1999,0
Estonia,EST,2000,0
Estonia,EST,2001,0
Estonia,EST,2002,0
Estonia,EST,2003,0
Estonia,EST,2004,0
Estonia,EST,2005,0
Estonia,EST,2006,0
Estonia,EST,2007,0
Estonia,EST,2008,0
Estonia,EST,2009,0
Estonia,EST,2010,0
Estonia,EST,2011,0
Estonia,EST,2012,0
Estonia,EST,2013,0.003
Estonia,EST,2014,0.004
Estonia,EST,2015,0.007
Estonia,EST,2016,0.01
Estonia,EST,2017,0.006
Estonia,EST,2018,0.022
Estonia,EST,2019,0.125
Europe,,1966,0
Europe,,1967,0
Europe,,1968,0
Europe,,1969,0
Europe,,1970,0
Europe,,1971,0
Europe,,1972,0
Europe,,1973,0
Europe,,1974,0
Europe,,1975,0
Europe,,1976,0
Europe,,1977,0
Europe,,1978,0
Europe,,1979,0
Europe,,1980,0
Europe,,1981,0
Europe,,1982,0
Europe,,1983,0
Europe,,1984,0.003
Europe,,1985,0
Europe,,1986,0
Europe,,1987,-0.003
Europe,,1988,0.003
Europe,,1989,0.022
Europe,,1990,0.009
Europe,,1991,0.008
Europe,,1992,0.032
Europe,,1993,0.015
Europe,,1994,0.015
Europe,,1995,0.025
Europe,,1996,0.019
Europe,,1997,0.028
Europe,,1998,0.064
Europe,,1999,0.011
Europe,,2000,0.12
Europe,,2001,0.096
Europe,,2002,0.289
Europe,,2003,0.518
Europe,,2004,0.756
Europe,,2005,1.965
Europe,,2006,2.749
Europe,,2007,3.389
Europe,,2008,9.666
Europe,,2009,17.433
Europe,,2010,23.422
Europe,,2011,60.4
Europe,,2012,64.063
Europe,,2013,37.455
Europe,,2014,28.953
Europe,,2015,26.451
Europe,,2016,8.588
Europe,,2017,24.62
Europe,,2018,33.179
Europe,,2019,38.614
Finland,FIN,1966,0
Finland,FIN,1967,0
Finland,FIN,1968,0
Finland,FIN,1969,0
Finland,FIN,1970,0
Finland,FIN,1971,0
Finland,FIN,1972,0
Finland,FIN,1973,0
Finland,FIN,1974,0
Finland,FIN,1975,0
Finland,FIN,1976,0
Finland,FIN,1977,0
Finland,FIN,1978,0
Finland,FIN,1979,0
Finland,FIN,1980,0
Finland,FIN,1981,0
Finland,FIN,1982,0
Finland,FIN,1983,0
Finland,FIN,1984,0
Finland,FIN,1985,0
Finland,FIN,1986,0
Finland,FIN,1987,0
Finland,FIN,1988,0
Finland,FIN,1989,0
Finland,FIN,1990,0.001
Finland,FIN,1991,0
Finland,FIN,1992,0
Finland,FIN,1993,0
Finland,FIN,1994,0
Finland,FIN,1995,0
Finland,FIN,1996,0.001
Finland,FIN,1997,0.001
Finland,FIN,1998,0
Finland,FIN,1999,0
Finland,FIN,2000,0.001
Finland,FIN,2001,0
Finland,FIN,2002,0.001
Finland,FIN,2003,0.001
Finland,FIN,2004,0.001
Finland,FIN,2005,0
Finland,FIN,2006,0.002
Finland,FIN,2007,0.001
Finland,FIN,2008,0
Finland,FIN,2009,0.001
Finland,FIN,2010,0.001
Finland,FIN,2011,0.001
Finland,FIN,2012,0.001
Finland,FIN,2013,0.002
Finland,FIN,2014,0.004
Finland,FIN,2015,0.008
Finland,FIN,2016,0.027
Finland,FIN,2017,0.066
Finland,FIN,2018,0.103
Finland,FIN,2019,0.217
France,FRA,1966,0
France,FRA,1967,0
France,FRA,1968,0
France,FRA,1969,0
France,FRA,1970,0
France,FRA,1971,0
France,FRA,1972,0
France,FRA,1973,0
France,FRA,1974,0
France,FRA,1975,0
France,FRA,1976,0
France,FRA,1977,0
France,FRA,1978,0
France,FRA,1979,0
France,FRA,1980,0
France,FRA,1981,0
France,FRA,1982,0
France,FRA,1983,0
France,FRA,1984,0
France,FRA,1985,0
France,FRA,1986,0
France,FRA,1987,0
France,FRA,1988,0
France,FRA,1989,0
France,FRA,1990,0
France,FRA,1991,0
France,FRA,1992,0.004
France,FRA,1993,0.001
France,FRA,1994,0.001
France,FRA,1995,0
France,FRA,1996,0.002
France,FRA,1997,0.002
France,FRA,1998,0.002
France,FRA,1999,0.001
France,FRA,2000,0.002
France,FRA,2001,0.002
France,FRA,2002,0.002
France,FRA,2003,0.002
France,FRA,2004,0.002
France,FRA,2005,0.005
France,FRA,2006,0.004
France,FRA,2007,0.016
France,FRA,2008,0.063
France,FRA,2009,0.346
France,FRA,2010,1.16
France,FRA,2011,3.768
France,FRA,2012,4.959
France,FRA,2013,1.778
France,FRA,2014,2.925
France,FRA,2015,3.323
France,FRA,2016,2.15
France,FRA,2017,2.386
France,FRA,2018,2.738
France,FRA,2019,3.399
Germany,DEU,1966,0
Germany,DEU,1967,0
Germany,DEU,1968,0
Germany,DEU,1969,0
Germany,DEU,1970,0
Germany,DEU,1971,0
Germany,DEU,1972,0
Germany,DEU,1973,0
Germany,DEU,1974,0
Germany,DEU,1975,0
Germany,DEU,1976,0
Germany,DEU,1977,0
Germany,DEU,1978,0
Germany,DEU,1979,0
Germany,DEU,1980,0
Germany,DEU,1981,0
Germany,DEU,1982,0
Germany,DEU,1983,0
Germany,DEU,1984,0
Germany,DEU,1985,0
Germany,DEU,1986,0
Germany,DEU,1987,0
Germany,DEU,1988,0
Germany,DEU,1989,0
Germany,DEU,1990,0.003
Germany,DEU,1991,0
Germany,DEU,1992,0.008
Germany,DEU,1993,-0.003
Germany,DEU,1994,0.011
Germany,DEU,1995,0
Germany,DEU,1996,0.014
Germany,DEU,1997,0.017
Germany,DEU,1998,0.047
Germany,DEU,1999,-0.014
Germany,DEU,2000,0.083
Germany,DEU,2001,0.043
Germany,DEU,2002,0.234
Germany,DEU,2003,0.409
Germany,DEU,2004,0.655
Germany,DEU,2005,1.941
Germany,DEU,2006,2.486
Germany,DEU,2007,2.234
Germany,DEU,2008,3.5
Germany,DEU,2009,5.603
Germany,DEU,2010,13.312
Germany,DEU,2011,20.208
Germany,DEU,2012,17.158
Germany,DEU,2013,11.445
Germany,DEU,2014,12.366
Germany,DEU,2015,6.208
Germany,DEU,2016,-2.159
Germany,DEU,2017,2.694
Germany,DEU,2018,15.288
Germany,DEU,2019,3.872
Greece,GRC,1966,0
Greece,GRC,1967,0
Greece,GRC,1968,0
Greece,GRC,1969,0
Greece,GRC,1970,0
Greece,GRC,1971,0
Greece,GRC,1972,0
Greece,GRC,1973,0
Greece,GRC,1974,0
Greece,GRC,1975,0
Greece,GRC,1976,0
Greece,GRC,1977,0
Greece,GRC,1978,0
Greece,GRC,1979,0
Greece,GRC,1980,0
Greece,GRC,1981,0
Greece,GRC,1982,0
Greece,GRC,1983,0
Greece,GRC,1984,0
Greece,GRC,1985,0
Greece,GRC,1986,0
Greece,GRC,1987,0
Greece,GRC,1988,0
Greece,GRC,1989,0
Greece,GRC,1990,0
Greece,GRC,1991,0
Greece,GRC,1992,0
Greece,GRC,1993,0
Greece,GRC,1994,0
Greece,GRC,1995,0
Greece,GRC,1996,0
Greece,GRC,1997,0
Greece,GRC,1998,0
Greece,GRC,1999,0
Greece,GRC,2000,0
Greece,GRC,2001,0
Greece,GRC,2002,0
Greece,GRC,2003,0
Greece,GRC,2004,0.003
Greece,GRC,2005,0
Greece,GRC,2006,0
Greece,GRC,2007,0
Greece,GRC,2008,0.011
Greece,GRC,2009,0.118
Greece,GRC,2010,0.281
Greece,GRC,2011,1.169
Greece,GRC,2012,2.783
Greece,GRC,2013,4.976
Greece,GRC,2014,0.311
Greece,GRC,2015,0.216
Greece,GRC,2016,0.017
Greece,GRC,2017,0.096
Greece,GRC,2018,-0.557
Greece,GRC,2019,0.384
Hong Kong,HKG,1966,0
Hong Kong,HKG,1967,0
Hong Kong,HKG,1968,0
Hong Kong,HKG,1969,0
Hong Kong,HKG,1970,0
Hong Kong,HKG,1971,0
Hong Kong,HKG,1972,0
Hong Kong,HKG,1973,0
Hong Kong,HKG,1974,0
Hong Kong,HKG,1975,0
Hong Kong,HKG,1976,0
Hong Kong,HKG,1977,0
Hong Kong,HKG,1978,0
Hong Kong,HKG,1979,0
Hong Kong,HKG,1980,0
Hong Kong,HKG,1981,0
Hong Kong,HKG,1982,0
Hong Kong,HKG,1983,0
Hong Kong,HKG,1984,0
Hong Kong,HKG,1985,0
Hong Kong,HKG,1986,0
Hong Kong,HKG,1987,0
Hong Kong,HKG,1988,0
Hong Kong,HKG,1989,0
Hong Kong,HKG,1990,0
Hong Kong,HKG,1991,0
Hong Kong,HKG,1992,0
Hong Kong,HKG,1993,0
Hong Kong,HKG,1994,0
Hong Kong,HKG,1995,0
Hong Kong,HKG,1996,0
Hong Kong,HKG,1997,0
Hong Kong,HKG,1998,0
Hong Kong,HKG,1999,0
Hong Kong,HKG,2000,0
Hong Kong,HKG,2001,0
Hong Kong,HKG,2002,0
Hong Kong,HKG,2003,0
Hong Kong,HKG,2004,0
Hong Kong,HKG,2005,0
Hong Kong,HKG,2006,0
Hong Kong,HKG,2007,0
Hong Kong,HKG,2008,0
Hong Kong,HKG,2009,0
Hong Kong,HKG,2010,0.001
Hong Kong,HKG,2011,0.001
Hong Kong,HKG,2012,0
Hong Kong,HKG,2013,0.001
Hong Kong,HKG,2014,0
Hong Kong,HKG,2015,0
Hong Kong,HKG,2016,0
Hong Kong,HKG,2017,0
Hong Kong,HKG,2018,0
Hong Kong,HKG,2019,0
Hungary,HUN,1966,0
Hungary,HUN,1967,0
Hungary,HUN,1968,0
Hungary,HUN,1969,0
Hungary,HUN,1970,0
Hungary,HUN,1971,0
Hungary,HUN,1972,0
Hungary,HUN,1973,0
Hungary,HUN,1974,0
Hungary,HUN,1975,0
Hungary,HUN,1976,0
Hungary,HUN,1977,0
Hungary,HUN,1978,0
Hungary,HUN,1979,0
Hungary,HUN,1980,0
Hungary,HUN,1981,0
Hungary,HUN,1982,0
Hungary,HUN,1983,0
Hungary,HUN,1984,0
Hungary,HUN,1985,0
Hungary,HUN,1986,0
Hungary,HUN,1987,0
Hungary,HUN,1988,0
Hungary,HUN,1989,0
Hungary,HUN,1990,0
Hungary,HUN,1991,0
Hungary,HUN,1992,0
Hungary,HUN,1993,0
Hungary,HUN,1994,0
Hungary,HUN,1995,0
Hungary,HUN,1996,0
Hungary,HUN,1997,0
Hungary,HUN,1998,0
Hungary,HUN,1999,0
Hungary,HUN,2000,0
Hungary,HUN,2001,0
Hungary,HUN,2002,0
Hungary,HUN,2003,0
Hungary,HUN,2004,0
Hungary,HUN,2005,0
Hungary,HUN,2006,0
Hungary,HUN,2007,0
Hungary,HUN,2008,0.003
Hungary,HUN,2009,0
Hungary,HUN,2010,0
Hungary,HUN,2011,0
Hungary,HUN,2012,0.018
Hungary,HUN,2013,0.043
Hungary,HUN,2014,0.107
Hungary,HUN,2015,0.186
Hungary,HUN,2016,0.257
Hungary,HUN,2017,0.259
Hungary,HUN,2018,0.668
Hungary,HUN,2019,1.886
Iceland,ISL,1966,0
Iceland,ISL,1967,0
Iceland,ISL,1968,0
Iceland,ISL,1969,0
Iceland,ISL,1970,0
Iceland,ISL,1971,0
Iceland,ISL,1972,0
Iceland,ISL,1973,0
Iceland,ISL,1974,0
Iceland,ISL,1975,0
Iceland,ISL,1976,0
Iceland,ISL,1977,0
Iceland,ISL,1978,0
Iceland,ISL,1979,0
Iceland,ISL,1980,0
Iceland,ISL,1981,0
Iceland,ISL,1982,0
Iceland,ISL,1983,0
Iceland,ISL,1984,0
Iceland,ISL,1985,0
Iceland,ISL,1986,0
Iceland,ISL,1987,0
Iceland,ISL,1988,0
Iceland,ISL,1989,0
Iceland,ISL,1990,0
Iceland,ISL,1991,0
Iceland,ISL,1992,0
Iceland,ISL,1993,0
Iceland,ISL,1994,0
Iceland,ISL,1995,0
Iceland,ISL,1996,0
Iceland,ISL,1997,0
Iceland,ISL,1998,0
Iceland,ISL,1999,0
Iceland,ISL,2000,0
Iceland,ISL,2001,0
Iceland,ISL,2002,0
Iceland,ISL,2003,0
Iceland,ISL,2004,0
Iceland,ISL,2005,0
Iceland,ISL,2006,0
Iceland,ISL,2007,0
Iceland,ISL,2008,0
Iceland,ISL,2009,0
Iceland,ISL,2010,0
Iceland,ISL,2011,0
Iceland,ISL,2012,0
Iceland,ISL,2013,0
Iceland,ISL,2014,0
Iceland,ISL,2015,0
Iceland,ISL,2016,0
Iceland,ISL,2017,0
Iceland,ISL,2018,0
Iceland,ISL,2019,0
India,IND,1966,0
India,IND,1967,0
India,IND,1968,0
India,IND,1969,0
India,IND,1970,0
India,IND,1971,0
India,IND,1972,0
India,IND,1973,0
India,IND,1974,0
India,IND,1975,0
India,IND,1976,0
India,IND,1977,0
India,IND,1978,0
India,IND,1979,0
India,IND,1980,0
India,IND,1981,0
India,IND,1982,0
India,IND,1983,0
India,IND,1984,0
India,IND,1985,0
India,IND,1986,0
India,IND,1987,0
India,IND,1988,0
India,IND,1989,0
India,IND,1990,0
India,IND,1991,0
India,IND,1992,0
India,IND,1993,0
India,IND,1994,0
India,IND,1995,0.003
India,IND,1996,0.014
India,IND,1997,0
India,IND,1998,0
India,IND,1999,0
India,IND,2000,0.003
India,IND,2001,0.011
India,IND,2002,0.005
India,IND,2003,0.008
India,IND,2004,0.005
India,IND,2005,0
India,IND,2006,-0.03
India,IND,2007,0.137
India,IND,2008,0.01
India,IND,2009,0.03
India,IND,2010,0.098
India,IND,2011,1.849
India,IND,2012,3.263
India,IND,2013,3.383
India,IND,2014,3.704
India,IND,2015,4.118
India,IND,2016,12.45
India,IND,2017,24.801
India,IND,2018,36.436
India,IND,2019,24.272
Indonesia,IDN,1966,0
Indonesia,IDN,1967,0
Indonesia,IDN,1968,0
Indonesia,IDN,1969,0
Indonesia,IDN,1970,0
Indonesia,IDN,1971,0
Indonesia,IDN,1972,0
Indonesia,IDN,1973,0
Indonesia,IDN,1974,0
Indonesia,IDN,1975,0
Indonesia,IDN,1976,0
Indonesia,IDN,1977,0
Indonesia,IDN,1978,0
Indonesia,IDN,1979,0
Indonesia,IDN,1980,0
Indonesia,IDN,1981,0
Indonesia,IDN,1982,0
Indonesia,IDN,1983,0
Indonesia,IDN,1984,0
Indonesia,IDN,1985,0
Indonesia,IDN,1986,0
Indonesia,IDN,1987,0
Indonesia,IDN,1988,0
Indonesia,IDN,1989,0
Indonesia,IDN,1990,0
Indonesia,IDN,1991,0
Indonesia,IDN,1992,0
Indonesia,IDN,1993,0
Indonesia,IDN,1994,0
Indonesia,IDN,1995,0
Indonesia,IDN,1996,0
Indonesia,IDN,1997,0
Indonesia,IDN,1998,0
Indonesia,IDN,1999,0
Indonesia,IDN,2000,0
Indonesia,IDN,2001,0
Indonesia,IDN,2002,0
Indonesia,IDN,2003,0
Indonesia,IDN,2004,0
Indonesia,IDN,2005,0
Indonesia,IDN,2006,0
Indonesia,IDN,2007,0
Indonesia,IDN,2008,0
Indonesia,IDN,2009,0
Indonesia,IDN,2010,0.001
Indonesia,IDN,2011,0.001
Indonesia,IDN,2012,0.006
Indonesia,IDN,2013,0.006
Indonesia,IDN,2014,0.003
Indonesia,IDN,2015,-0.004
Indonesia,IDN,2016,0.04
Indonesia,IDN,2017,0.02
Indonesia,IDN,2018,-0.023
Indonesia,IDN,2019,0.108
Iran,IRN,1966,0
Iran,IRN,1967,0
Iran,IRN,1968,0
Iran,IRN,1969,0
Iran,IRN,1970,0
Iran,IRN,1971,0
Iran,IRN,1972,0
Iran,IRN,1973,0
Iran,IRN,1974,0
Iran,IRN,1975,0
Iran,IRN,1976,0
Iran,IRN,1977,0
Iran,IRN,1978,0
Iran,IRN,1979,0
Iran,IRN,1980,0
Iran,IRN,1981,0
Iran,IRN,1982,0
Iran,IRN,1983,0
Iran,IRN,1984,0
Iran,IRN,1985,0
Iran,IRN,1986,0
Iran,IRN,1987,0
Iran,IRN,1988,0
Iran,IRN,1989,0
Iran,IRN,1990,0
Iran,IRN,1991,0
Iran,IRN,1992,0
Iran,IRN,1993,0
Iran,IRN,1994,0
Iran,IRN,1995,0
Iran,IRN,1996,0
Iran,IRN,1997,0
Iran,IRN,1998,0
Iran,IRN,1999,0
Iran,IRN,2000,0
Iran,IRN,2001,0
Iran,IRN,2002,0
Iran,IRN,2003,0
Iran,IRN,2004,0
Iran,IRN,2005,0
Iran,IRN,2006,0
Iran,IRN,2007,0
Iran,IRN,2008,0
Iran,IRN,2009,0
Iran,IRN,2010,0.001
Iran,IRN,2011,0
Iran,IRN,2012,0
Iran,IRN,2013,0
Iran,IRN,2014,0
Iran,IRN,2015,0.002
Iran,IRN,2016,0.009
Iran,IRN,2017,0.202
Iran,IRN,2018,0.117
Iran,IRN,2019,0.092
Iraq,IRQ,1966,0
Iraq,IRQ,1967,0
Iraq,IRQ,1968,0
Iraq,IRQ,1969,0
Iraq,IRQ,1970,0
Iraq,IRQ,1971,0
Iraq,IRQ,1972,0
Iraq,IRQ,1973,0
Iraq,IRQ,1974,0
Iraq,IRQ,1975,0
Iraq,IRQ,1976,0
Iraq,IRQ,1977,0
Iraq,IRQ,1978,0
Iraq,IRQ,1979,0
Iraq,IRQ,1980,0
Iraq,IRQ,1981,0
Iraq,IRQ,1982,0
Iraq,IRQ,1983,0
Iraq,IRQ,1984,0
Iraq,IRQ,1985,0
Iraq,IRQ,1986,0
Iraq,IRQ,1987,0
Iraq,IRQ,1988,0
Iraq,IRQ,1989,0
Iraq,IRQ,1990,0
Iraq,IRQ,1991,0
Iraq,IRQ,1992,0
Iraq,IRQ,1993,0
Iraq,IRQ,1994,0
Iraq,IRQ,1995,0
Iraq,IRQ,1996,0
Iraq,IRQ,1997,0
Iraq,IRQ,1998,0
Iraq,IRQ,1999,0
Iraq,IRQ,2000,0
Iraq,IRQ,2001,0
Iraq,IRQ,2002,0
Iraq,IRQ,2003,0
Iraq,IRQ,2004,0
Iraq,IRQ,2005,0
Iraq,IRQ,2006,0
Iraq,IRQ,2007,0
Iraq,IRQ,2008,0
Iraq,IRQ,2009,0
Iraq,IRQ,2010,0
Iraq,IRQ,2011,0
Iraq,IRQ,2012,0
Iraq,IRQ,2013,0.119
Iraq,IRQ,2014,0.027
Iraq,IRQ,2015,-0.001
Iraq,IRQ,2016,-0.001
Iraq,IRQ,2017,-0.001
Iraq,IRQ,2018,-0.001
Iraq,IRQ,2019,-0.001
Ireland,IRL,1966,0
Ireland,IRL,1967,0
Ireland,IRL,1968,0
Ireland,IRL,1969,0
Ireland,IRL,1970,0
Ireland,IRL,1971,0
Ireland,IRL,1972,0
Ireland,IRL,1973,0
Ireland,IRL,1974,0
Ireland,IRL,1975,0
Ireland,IRL,1976,0
Ireland,IRL,1977,0
Ireland,IRL,1978,0
Ireland,IRL,1979,0
Ireland,IRL,1980,0
Ireland,IRL,1981,0
Ireland,IRL,1982,0
Ireland,IRL,1983,0
Ireland,IRL,1984,0
Ireland,IRL,1985,0
Ireland,IRL,1986,0
Ireland,IRL,1987,0
Ireland,IRL,1988,0
Ireland,IRL,1989,0
Ireland,IRL,1990,0
Ireland,IRL,1991,0
Ireland,IRL,1992,0
Ireland,IRL,1993,0
Ireland,IRL,1994,0
Ireland,IRL,1995,0
Ireland,IRL,1996,0
Ireland,IRL,1997,0
Ireland,IRL,1998,0
Ireland,IRL,1999,0
Ireland,IRL,2000,0
Ireland,IRL,2001,0
Ireland,IRL,2002,0
Ireland,IRL,2003,0
Ireland,IRL,2004,0
Ireland,IRL,2005,0
Ireland,IRL,2006,0
Ireland,IRL,2007,0
Ireland,IRL,2008,0
Ireland,IRL,2009,0.001
Ireland,IRL,2010,0
Ireland,IRL,2011,0
Ireland,IRL,2012,0
Ireland,IRL,2013,0
Ireland,IRL,2014,0.001
Ireland,IRL,2015,0.002
Ireland,IRL,2016,0.009
Ireland,IRL,2017,0.014
Ireland,IRL,2018,0.014
Ireland,IRL,2019,0.02
Israel,ISR,1966,0
Israel,ISR,1967,0
Israel,ISR,1968,0
Israel,ISR,1969,0
Israel,ISR,1970,0
Israel,ISR,1971,0
Israel,ISR,1972,0
Israel,ISR,1973,0
Israel,ISR,1974,0
Israel,ISR,1975,0
Israel,ISR,1976,0
Israel,ISR,1977,0
Israel,ISR,1978,0
Israel,ISR,1979,0
Israel,ISR,1980,0
Israel,ISR,1981,0
Israel,ISR,1982,0
Israel,ISR,1983,0
Israel,ISR,1984,0
Israel,ISR,1985,0
Israel,ISR,1986,0
Israel,ISR,1987,0
Israel,ISR,1988,0
Israel,ISR,1989,0
Israel,ISR,1990,0
Israel,ISR,1991,0
Israel,ISR,1992,0
Israel,ISR,1993,0
Israel,ISR,1994,0
Israel,ISR,1995,0
Israel,ISR,1996,0
Israel,ISR,1997,0
Israel,ISR,1998,0
Israel,ISR,1999,0
Israel,ISR,2000,0
Israel,ISR,2001,0
Israel,ISR,2002,0
Israel,ISR,2003,0
Israel,ISR,2004,0
Israel,ISR,2005,0
Israel,ISR,2006,0
Israel,ISR,2007,0
Israel,ISR,2008,0
Israel,ISR,2009,0.063
Israel,ISR,2010,0.12
Israel,ISR,2011,0.315
Israel,ISR,2012,0.453
Israel,ISR,2013,0.315
Israel,ISR,2014,0.874
Israel,ISR,2015,0.796
Israel,ISR,2016,0.901
Israel,ISR,2017,-0.059
Israel,ISR,2018,0.135
Israel,ISR,2019,2.822
Italy,ITA,1966,0
Italy,ITA,1967,0
Italy,ITA,1968,0
Italy,ITA,1969,0
Italy,ITA,1970,0
Italy,ITA,1971,0
Italy,ITA,1972,0
Italy,ITA,1973,0
Italy,ITA,1974,0
Italy,ITA,1975,0
Italy,ITA,1976,0
Italy,ITA,1977,0
Italy,ITA,1978,0
Italy,ITA,1979,0
Italy,ITA,1980,0
Italy,ITA,1981,0
Italy,ITA,1982,0
Italy,ITA,1983,0
Italy,ITA,1984,0
Italy,ITA,1985,0
Italy,ITA,1986,0
Italy,ITA,1987,0
Italy,ITA,1988,0
Italy,ITA,1989,0.006
Italy,ITA,1990,0.005
Italy,ITA,1991,0.003
Italy,ITA,1992,0.011
Italy,ITA,1993,0.006
Italy,ITA,1994,0
Italy,ITA,1995,0.006
Italy,ITA,1996,0.003
Italy,ITA,1997,0.003
Italy,ITA,1998,0.003
Italy,ITA,1999,0.003
Italy,ITA,2000,0.003
Italy,ITA,2001,0.002
Italy,ITA,2002,0.005
Italy,ITA,2003,0.008
Italy,ITA,2004,0.013
Italy,ITA,2005,0.005
Italy,ITA,2006,0.01
Italy,ITA,2007,0.01
Italy,ITA,2008,0.406
Italy,ITA,2009,1.267
Italy,ITA,2010,3.193
Italy,ITA,2011,23.008
Italy,ITA,2012,20.607
Italy,ITA,2013,6.689
Italy,ITA,2014,1.496
Italy,ITA,2015,1.271
Italy,ITA,2016,-2.451
Italy,ITA,2017,5.357
Italy,ITA,2018,-4.641
Italy,ITA,2019,3.933
Japan,JPN,1966,0
Japan,JPN,1967,0
Japan,JPN,1968,0
Japan,JPN,1969,0
Japan,JPN,1970,0
Japan,JPN,1971,0
Japan,JPN,1972,0
Japan,JPN,1973,0
Japan,JPN,1974,0
Japan,JPN,1975,0
Japan,JPN,1976,0
Japan,JPN,1977,0
Japan,JPN,1978,0
Japan,JPN,1979,0
Japan,JPN,1980,0
Japan,JPN,1981,0
Japan,JPN,1982,0
Japan,JPN,1983,0
Japan,JPN,1984,0
Japan,JPN,1985,0
Japan,JPN,1986,0
Japan,JPN,1987,0
Japan,JPN,1988,0
Japan,JPN,1989,0
Japan,JPN,1990,0.003
Japan,JPN,1991,0
Japan,JPN,1992,0.026
Japan,JPN,1993,0.033
Japan,JPN,1994,0.018
Japan,JPN,1995,0.029
Japan,JPN,1996,0.042
Japan,JPN,1997,0.116
Japan,JPN,1998,0.13
Japan,JPN,1999,0.208
Japan,JPN,2000,0.35
Japan,JPN,2001,0.423
Japan,JPN,2002,0.525
Japan,JPN,2003,0.694
Japan,JPN,2004,0.843
Japan,JPN,2005,0.942
Japan,JPN,2006,0.95
Japan,JPN,2007,0.808
Japan,JPN,2008,0.705
Japan,JPN,2009,1.142
Japan,JPN,2010,2.391
Japan,JPN,2011,3.714
Japan,JPN,2012,4.893
Japan,JPN,2013,14.061
Japan,JPN,2014,26.878
Japan,JPN,2015,27.45
Japan,JPN,2016,21.577
Japan,JPN,2017,26.649
Japan,JPN,2018,28.569
Japan,JPN,2019,22.223
Kazakhstan,KAZ,1986,0
Kazakhstan,KAZ,1987,0
Kazakhstan,KAZ,1988,0
Kazakhstan,KAZ,1989,0
Kazakhstan,KAZ,1990,0
Kazakhstan,KAZ,1991,0
Kazakhstan,KAZ,1992,0
Kazakhstan,KAZ,1993,0
Kazakhstan,KAZ,1994,0
Kazakhstan,KAZ,1995,0
Kazakhstan,KAZ,1996,0
Kazakhstan,KAZ,1997,0
Kazakhstan,KAZ,1998,0
Kazakhstan,KAZ,1999,0
Kazakhstan,KAZ,2000,0
Kazakhstan,KAZ,2001,0
Kazakhstan,KAZ,2002,0
Kazakhstan,KAZ,2003,0
Kazakhstan,KAZ,2004,0
Kazakhstan,KAZ,2005,0
Kazakhstan,KAZ,2006,0
Kazakhstan,KAZ,2007,0
Kazakhstan,KAZ,2008,0
Kazakhstan,KAZ,2009,0
Kazakhstan,KAZ,2010,0
Kazakhstan,KAZ,2011,0
Kazakhstan,KAZ,2012,0
Kazakhstan,KAZ,2013,0.002
Kazakhstan,KAZ,2014,0.001
Kazakhstan,KAZ,2015,0.114
Kazakhstan,KAZ,2016,0.106
Kazakhstan,KAZ,2017,0.009
Kazakhstan,KAZ,2018,0.119
Kazakhstan,KAZ,2019,0.369
Kuwait,KWT,1966,0
Kuwait,KWT,1967,0
Kuwait,KWT,1968,0
Kuwait,KWT,1969,0
Kuwait,KWT,1970,0
Kuwait,KWT,1971,0
Kuwait,KWT,1972,0
Kuwait,KWT,1973,0
Kuwait,KWT,1974,0
Kuwait,KWT,1975,0
Kuwait,KWT,1976,0
Kuwait,KWT,1977,0
Kuwait,KWT,1978,0
Kuwait,KWT,1979,0
Kuwait,KWT,1980,0
Kuwait,KWT,1981,0
Kuwait,KWT,1982,0
Kuwait,KWT,1983,0
Kuwait,KWT,1984,0
Kuwait,KWT,1985,0
Kuwait,KWT,1986,0
Kuwait,KWT,1987,0
Kuwait,KWT,1988,0
Kuwait,KWT,1989,0
Kuwait,KWT,1990,0
Kuwait,KWT,1991,0
Kuwait,KWT,1992,0
Kuwait,KWT,1993,0
Kuwait,KWT,1994,0
Kuwait,KWT,1995,0
Kuwait,KWT,1996,0
Kuwait,KWT,1997,0
Kuwait,KWT,1998,0
Kuwait,KWT,1999,0
Kuwait,KWT,2000,0
Kuwait,KWT,2001,0
Kuwait,KWT,2002,0
Kuwait,KWT,2003,0
Kuwait,KWT,2004,0
Kuwait,KWT,2005,0
Kuwait,KWT,2006,0
Kuwait,KWT,2007,0
Kuwait,KWT,2008,0
Kuwait,KWT,2009,0
Kuwait,KWT,2010,0
Kuwait,KWT,2011,0
Kuwait,KWT,2012,0
Kuwait,KWT,2013,0
Kuwait,KWT,2014,0.008
Kuwait,KWT,2015,0.005
Kuwait,KWT,2016,0.11
Kuwait,KWT,2017,-0.001
Kuwait,KWT,2018,0.041
Kuwait,KWT,2019,0.189
Latvia,LVA,1986,0
Latvia,LVA,1987,0
Latvia,LVA,1988,0
Latvia,LVA,1989,0
Latvia,LVA,1990,0
Latvia,LVA,1991,0
Latvia,LVA,1992,0
Latvia,LVA,1993,0
Latvia,LVA,1994,0
Latvia,LVA,1995,0
Latvia,LVA,1996,0
Latvia,LVA,1997,0
Latvia,LVA,1998,0
Latvia,LVA,1999,0
Latvia,LVA,2000,0
Latvia,LVA,2001,0
Latvia,LVA,2002,0
Latvia,LVA,2003,0
Latvia,LVA,2004,0
Latvia,LVA,2005,0
Latvia,LVA,2006,0
Latvia,LVA,2007,0
Latvia,LVA,2008,0
Latvia,LVA,2009,0
Latvia,LVA,2010,0
Latvia,LVA,2011,0.001
Latvia,LVA,2012,0
Latvia,LVA,2013,0
Latvia,LVA,2014,0
Latvia,LVA,2015,0
Latvia,LVA,2016,0
Latvia,LVA,2017,0
Latvia,LVA,2018,0.002
Latvia,LVA,2019,-0.003
Lithuania,LTU,1986,0
Lithuania,LTU,1987,0
Lithuania,LTU,1988,0
Lithuania,LTU,1989,0
Lithuania,LTU,1990,0
Lithuania,LTU,1991,0
Lithuania,LTU,1992,0
Lithuania,LTU,1993,0
Lithuania,LTU,1994,0
Lithuania,LTU,1995,0
Lithuania,LTU,1996,0
Lithuania,LTU,1997,0
Lithuania,LTU,1998,0
Lithuania,LTU,1999,0
Lithuania,LTU,2000,0
Lithuania,LTU,2001,0
Lithuania,LTU,2002,0
Lithuania,LTU,2003,0
Lithuania,LTU,2004,0
Lithuania,LTU,2005,0
Lithuania,LTU,2006,0
Lithuania,LTU,2007,0
Lithuania,LTU,2008,0
Lithuania,LTU,2009,0
Lithuania,LTU,2010,0
Lithuania,LTU,2011,0
Lithuania,LTU,2012,0.006
Lithuania,LTU,2013,0.109
Lithuania,LTU,2014,0.071
Lithuania,LTU,2015,0
Lithuania,LTU,2016,-0.018
Lithuania,LTU,2017,-0.001
Lithuania,LTU,2018,0.033
Lithuania,LTU,2019,0.024
Luxembourg,LUX,1966,0
Luxembourg,LUX,1967,0
Luxembourg,LUX,1968,0
Luxembourg,LUX,1969,0
Luxembourg,LUX,1970,0
Luxembourg,LUX,1971,0
Luxembourg,LUX,1972,0
Luxembourg,LUX,1973,0
Luxembourg,LUX,1974,0
Luxembourg,LUX,1975,0
Luxembourg,LUX,1976,0
Luxembourg,LUX,1977,0
Luxembourg,LUX,1978,0
Luxembourg,LUX,1979,0
Luxembourg,LUX,1980,0
Luxembourg,LUX,1981,0
Luxembourg,LUX,1982,0
Luxembourg,LUX,1983,0
Luxembourg,LUX,1984,0
Luxembourg,LUX,1985,0
Luxembourg,LUX,1986,0
Luxembourg,LUX,1987,0
Luxembourg,LUX,1988,0
Luxembourg,LUX,1989,0
Luxembourg,LUX,1990,0
Luxembourg,LUX,1991,0
Luxembourg,LUX,1992,0
Luxembourg,LUX,1993,0
Luxembourg,LUX,1994,0
Luxembourg,LUX,1995,0
Luxembourg,LUX,1996,0
Luxembourg,LUX,1997,0
Luxembourg,LUX,1998,0
Luxembourg,LUX,1999,0
Luxembourg,LUX,2000,0
Luxembourg,LUX,2001,0
Luxembourg,LUX,2002,0
Luxembourg,LUX,2003,0.004
Luxembourg,LUX,2004,0.021
Luxembourg,LUX,2005,0.023
Luxembourg,LUX,2006,0.009
Luxembourg,LUX,2007,-0.001
Luxembourg,LUX,2008,-0.003
Luxembourg,LUX,2009,0
Luxembourg,LUX,2010,0.002
Luxembourg,LUX,2011,0.012
Luxembourg,LUX,2012,0.032
Luxembourg,LUX,2013,0.09
Luxembourg,LUX,2014,0.052
Luxembourg,LUX,2015,0.021
Luxembourg,LUX,2016,-0.01
Luxembourg,LUX,2017,0.019
Luxembourg,LUX,2018,0.026
Luxembourg,LUX,2019,0.001
Malaysia,MYS,1966,0
Malaysia,MYS,1967,0
Malaysia,MYS,1968,0
Malaysia,MYS,1969,0
Malaysia,MYS,1970,0
Malaysia,MYS,1971,0
Malaysia,MYS,1972,0
Malaysia,MYS,1973,0
Malaysia,MYS,1974,0
Malaysia,MYS,1975,0
Malaysia,MYS,1976,0
Malaysia,MYS,1977,0
Malaysia,MYS,1978,0
Malaysia,MYS,1979,0
Malaysia,MYS,1980,0
Malaysia,MYS,1981,0
Malaysia,MYS,1982,0
Malaysia,MYS,1983,0
Malaysia,MYS,1984,0
Malaysia,MYS,1985,0
Malaysia,MYS,1986,0
Malaysia,MYS,1987,0
Malaysia,MYS,1988,0
Malaysia,MYS,1989,0
Malaysia,MYS,1990,0
Malaysia,MYS,1991,0
Malaysia,MYS,1992,0
Malaysia,MYS,1993,0
Malaysia,MYS,1994,0
Malaysia,MYS,1995,0
Malaysia,MYS,1996,0
Malaysia,MYS,1997,0
Malaysia,MYS,1998,0
Malaysia,MYS,1999,0
Malaysia,MYS,2000,0
Malaysia,MYS,2001,0
Malaysia,MYS,2002,0
Malaysia,MYS,2003,0
Malaysia,MYS,2004,0
Malaysia,MYS,2005,0
Malaysia,MYS,2006,0
Malaysia,MYS,2007,0
Malaysia,MYS,2008,0
Malaysia,MYS,2009,0
Malaysia,MYS,2010,0
Malaysia,MYS,2011,0
Malaysia,MYS,2012,0.018
Malaysia,MYS,2013,0.343
Malaysia,MYS,2014,0.217
Malaysia,MYS,2015,0.113
Malaysia,MYS,2016,0.089
Malaysia,MYS,2017,0.045
Malaysia,MYS,2018,0.374
Malaysia,MYS,2019,0.767
Mexico,MEX,1966,0
Mexico,MEX,1967,0
Mexico,MEX,1968,0
Mexico,MEX,1969,0
Mexico,MEX,1970,0
Mexico,MEX,1971,0
Mexico,MEX,1972,0
Mexico,MEX,1973,0
Mexico,MEX,1974,0
Mexico,MEX,1975,0
Mexico,MEX,1976,0
Mexico,MEX,1977,0
Mexico,MEX,1978,0
Mexico,MEX,1979,0
Mexico,MEX,1980,0
Mexico,MEX,1981,0
Mexico,MEX,1982,0
Mexico,MEX,1983,0
Mexico,MEX,1984,0
Mexico,MEX,1985,0
Mexico,MEX,1986,0
Mexico,MEX,1987,0
Mexico,MEX,1988,0
Mexico,MEX,1989,0
Mexico,MEX,1990,0.003
Mexico,MEX,1991,0.003
Mexico,MEX,1992,0.003
Mexico,MEX,1993,0.003
Mexico,MEX,1994,0.003
Mexico,MEX,1995,0
Mexico,MEX,1996,0.003
Mexico,MEX,1997,0
Mexico,MEX,1998,0.003
Mexico,MEX,1999,0
Mexico,MEX,2000,0
Mexico,MEX,2001,0.003
Mexico,MEX,2002,0
Mexico,MEX,2003,0
Mexico,MEX,2004,0.003
Mexico,MEX,2005,0
Mexico,MEX,2006,0.003
Mexico,MEX,2007,-0.003
Mexico,MEX,2008,0.026
Mexico,MEX,2009,0.021
Mexico,MEX,2010,0.01
Mexico,MEX,2011,0.025
Mexico,MEX,2012,0.071
Mexico,MEX,2013,0.094
Mexico,MEX,2014,0.291
Mexico,MEX,2015,0.06
Mexico,MEX,2016,0.012
Mexico,MEX,2017,2.332
Mexico,MEX,2018,4.937
Mexico,MEX,2019,22.899
Morocco,MAR,1966,0
Morocco,MAR,1967,0
Morocco,MAR,1968,0
Morocco,MAR,1969,0
Morocco,MAR,1970,0
Morocco,MAR,1971,0
Morocco,MAR,1972,0
Morocco,MAR,1973,0
Morocco,MAR,1974,0
Morocco,MAR,1975,0
Morocco,MAR,1976,0
Morocco,MAR,1977,0
Morocco,MAR,1978,0
Morocco,MAR,1979,0
Morocco,MAR,1980,0
Morocco,MAR,1981,0
Morocco,MAR,1982,0
Morocco,MAR,1983,0
Morocco,MAR,1984,0
Morocco,MAR,1985,0
Morocco,MAR,1986,0
Morocco,MAR,1987,0
Morocco,MAR,1988,0
Morocco,MAR,1989,0
Morocco,MAR,1990,0
Morocco,MAR,1991,0
Morocco,MAR,1992,0
Morocco,MAR,1993,0
Morocco,MAR,1994,0
Morocco,MAR,1995,0
Morocco,MAR,1996,0
Morocco,MAR,1997,0
Morocco,MAR,1998,0
Morocco,MAR,1999,0
Morocco,MAR,2000,0
Morocco,MAR,2001,0
Morocco,MAR,2002,0
Morocco,MAR,2003,0
Morocco,MAR,2004,0
Morocco,MAR,2005,0
Morocco,MAR,2006,0
Morocco,MAR,2007,0
Morocco,MAR,2008,0
Morocco,MAR,2009,0
Morocco,MAR,2010,0
Morocco,MAR,2011,0
Morocco,MAR,2012,0
Morocco,MAR,2013,0
Morocco,MAR,2014,0
Morocco,MAR,2015,0.014
Morocco,MAR,2016,0.995
Morocco,MAR,2017,0.029
Morocco,MAR,2018,1.323
Morocco,MAR,2019,1.555
Netherlands,NLD,1966,0
Netherlands,NLD,1967,0
Netherlands,NLD,1968,0
Netherlands,NLD,1969,0
Netherlands,NLD,1970,0
Netherlands,NLD,1971,0
Netherlands,NLD,1972,0
Netherlands,NLD,1973,0
Netherlands,NLD,1974,0
Netherlands,NLD,1975,0
Netherlands,NLD,1976,0
Netherlands,NLD,1977,0
Netherlands,NLD,1978,0
Netherlands,NLD,1979,0
Netherlands,NLD,1980,0
Netherlands,NLD,1981,0
Netherlands,NLD,1982,0
Netherlands,NLD,1983,0
Netherlands,NLD,1984,0
Netherlands,NLD,1985,0
Netherlands,NLD,1986,0
Netherlands,NLD,1987,0
Netherlands,NLD,1988,0
Netherlands,NLD,1989,0
Netherlands,NLD,1990,0
Netherlands,NLD,1991,0
Netherlands,NLD,1992,0.003
Netherlands,NLD,1993,0
Netherlands,NLD,1994,-0.003
Netherlands,NLD,1995,0.003
Netherlands,NLD,1996,0.003
Netherlands,NLD,1997,0
Netherlands,NLD,1998,0.004
Netherlands,NLD,1999,0.005
Netherlands,NLD,2000,0.007
Netherlands,NLD,2001,0.015
Netherlands,NLD,2002,0.011
Netherlands,NLD,2003,0.037
Netherlands,NLD,2004,0.006
Netherlands,NLD,2005,0.002
Netherlands,NLD,2006,0.002
Netherlands,NLD,2007,0.001
Netherlands,NLD,2008,0.008
Netherlands,NLD,2009,0.014
Netherlands,NLD,2010,0.038
Netherlands,NLD,2011,0.105
Netherlands,NLD,2012,0.394
Netherlands,NLD,2013,0.667
Netherlands,NLD,2014,0.676
Netherlands,NLD,2015,0.84
Netherlands,NLD,2016,1.084
Netherlands,NLD,2017,1.589
Netherlands,NLD,2018,3.668
Netherlands,NLD,2019,3.671
New Zealand,NZL,1966,0
New Zealand,NZL,1967,0
New Zealand,NZL,1968,0
New Zealand,NZL,1969,0
New Zealand,NZL,1970,0
New Zealand,NZL,1971,0
New Zealand,NZL,1972,0
New Zealand,NZL,1973,0
New Zealand,NZL,1974,0
New Zealand,NZL,1975,0
New Zealand,NZL,1976,0
New Zealand,NZL,1977,0
New Zealand,NZL,1978,0
New Zealand,NZL,1979,0
New Zealand,NZL,1980,0
New Zealand,NZL,1981,0
New Zealand,NZL,1982,0
New Zealand,NZL,1983,0
New Zealand,NZL,1984,0
New Zealand,NZL,1985,0
New Zealand,NZL,1986,0
New Zealand,NZL,1987,0
New Zealand,NZL,1988,0
New Zealand,NZL,1989,0
New Zealand,NZL,1990,0
New Zealand,NZL,1991,0
New Zealand,NZL,1992,0
New Zealand,NZL,1993,0
New Zealand,NZL,1994,0
New Zealand,NZL,1995,0
New Zealand,NZL,1996,0
New Zealand,NZL,1997,0
New Zealand,NZL,1998,0
New Zealand,NZL,1999,0
New Zealand,NZL,2000,0
New Zealand,NZL,2001,0
New Zealand,NZL,2002,0
New Zealand,NZL,2003,0
New Zealand,NZL,2004,0
New Zealand,NZL,2005,0
New Zealand,NZL,2006,0
New Zealand,NZL,2007,0.009
New Zealand,NZL,2008,0
New Zealand,NZL,2009,0
New Zealand,NZL,2010,0.001
New Zealand,NZL,2011,0.001
New Zealand,NZL,2012,0.002
New Zealand,NZL,2013,0.005
New Zealand,NZL,2014,0.029
New Zealand,NZL,2015,0.045
New Zealand,NZL,2016,0.05
New Zealand,NZL,2017,0.049
New Zealand,NZL,2018,0.056
New Zealand,NZL,2019,0.067
North America,,1966,0
North America,,1967,0
North America,,1968,0
North America,,1969,0
North America,,1970,0
North America,,1971,0
North America,,1972,0
North America,,1973,0
North America,,1974,0
North America,,1975,0
North America,,1976,0
North America,,1977,0
North America,,1978,0
North America,,1979,0
North America,,1980,0
North America,,1981,0
North America,,1982,0
North America,,1983,0.008
North America,,1984,0.006
North America,,1985,0.015
North America,,1986,0.01
North America,,1987,-0.01
North America,,1988,-0.004
North America,,1989,0.678
North America,,1990,0.33
North America,,1991,0.301
North America,,1992,-0.184
North America,,1993,0.187
North America,,1994,0.077
North America,,1995,0.04
North America,,1996,0.083
North America,,1997,-0.021
North America,,1998,-0.011
North America,,1999,-0.009
North America,,2000,0.009
North America,,2001,0.156
North America,,2002,0.073
North America,,2003,0.014
North America,,2004,0.205
North America,,2005,0.136
North America,,2006,0.203
North America,,2007,0.719
North America,,2008,1.443
North America,,2009,1.35
North America,,2010,2.796
North America,,2011,5.269
North America,,2012,11.856
North America,,2013,19.45
North America,,2014,35.136
North America,,2015,27.375
North America,,2016,40.547
North America,,2017,58.83
North America,,2018,44.812
North America,,2019,57.932
North Macedonia,MKD,1991,0
North Macedonia,MKD,1992,0
North Macedonia,MKD,1993,0
North Macedonia,MKD,1994,0
North Macedonia,MKD,1995,0
North Macedonia,MKD,1996,0
North Macedonia,MKD,1997,0
North Macedonia,MKD,1998,0
North Macedonia,MKD,1999,0
North Macedonia,MKD,2000,0
North Macedonia,MKD,2001,0
North Macedonia,MKD,2002,0
North Macedonia,MKD,2003,0
North Macedonia,MKD,2004,0
North Macedonia,MKD,2005,0
North Macedonia,MKD,2006,0
North Macedonia,MKD,2007,0
North Macedonia,MKD,2008,0
North Macedonia,MKD,2009,0
North Macedonia,MKD,2010,0
North Macedonia,MKD,2011,0.003
North Macedonia,MKD,2012,0.004
North Macedonia,MKD,2013,0.016
North Macedonia,MKD,2014,0.013
North Macedonia,MKD,2015,0.021
North Macedonia,MKD,2016,0.002
North Macedonia,MKD,2017,0
North Macedonia,MKD,2018,-0.003
North Macedonia,MKD,2019,0.001
Norway,NOR,1966,0
Norway,NOR,1967,0
Norway,NOR,1968,0
Norway,NOR,1969,0
Norway,NOR,1970,0
Norway,NOR,1971,0
Norway,NOR,1972,0
Norway,NOR,1973,0
Norway,NOR,1974,0
Norway,NOR,1975,0
Norway,NOR,1976,0
Norway,NOR,1977,0
Norway,NOR,1978,0
Norway,NOR,1979,0
Norway,NOR,1980,0
Norway,NOR,1981,0
Norway,NOR,1982,0
Norway,NOR,1983,0
Norway,NOR,1984,0
Norway,NOR,1985,0
Norway,NOR,1986,0
Norway,NOR,1987,0
Norway,NOR,1988,0
Norway,NOR,1989,0
Norway,NOR,1990,0
Norway,NOR,1991,0
Norway,NOR,1992,0
Norway,NOR,1993,0
Norway,NOR,1994,0
Norway,NOR,1995,0
Norway,NOR,1996,0
Norway,NOR,1997,0
Norway,NOR,1998,0
Norway,NOR,1999,0
Norway,NOR,2000,0.015
Norway,NOR,2001,0
Norway,NOR,2002,0
Norway,NOR,2003,0.002
Norway,NOR,2004,0
Norway,NOR,2005,0
Norway,NOR,2006,0.002
Norway,NOR,2007,0
Norway,NOR,2008,0.001
Norway,NOR,2009,0.001
Norway,NOR,2010,0.001
Norway,NOR,2011,0.001
Norway,NOR,2012,0.001
Norway,NOR,2013,0.002
Norway,NOR,2014,0.004
Norway,NOR,2015,0.004
Norway,NOR,2016,0.026
Norway,NOR,2017,0.042
Norway,NOR,2018,0.11
Norway,NOR,2019,0.067
Oman,OMN,1966,0
Oman,OMN,1967,0
Oman,OMN,1968,0
Oman,OMN,1969,0
Oman,OMN,1970,0
Oman,OMN,1971,0
Oman,OMN,1972,0
Oman,OMN,1973,0
Oman,OMN,1974,0
Oman,OMN,1975,0
Oman,OMN,1976,0
Oman,OMN,1977,0
Oman,OMN,1978,0
Oman,OMN,1979,0
Oman,OMN,1980,0
Oman,OMN,1981,0
Oman,OMN,1982,0
Oman,OMN,1983,0
Oman,OMN,1984,0
Oman,OMN,1985,0
Oman,OMN,1986,0
Oman,OMN,1987,0
Oman,OMN,1988,0
Oman,OMN,1989,0
Oman,OMN,1990,0
Oman,OMN,1991,0
Oman,OMN,1992,0
Oman,OMN,1993,0
Oman,OMN,1994,0
Oman,OMN,1995,0
Oman,OMN,1996,0
Oman,OMN,1997,0
Oman,OMN,1998,0
Oman,OMN,1999,0
Oman,OMN,2000,0
Oman,OMN,2001,0
Oman,OMN,2002,0
Oman,OMN,2003,0
Oman,OMN,2004,0
Oman,OMN,2005,0
Oman,OMN,2006,0
Oman,OMN,2007,0
Oman,OMN,2008,0
Oman,OMN,2009,0
Oman,OMN,2010,0
Oman,OMN,2011,0
Oman,OMN,2012,0
Oman,OMN,2013,0.003
Oman,OMN,2014,0
Oman,OMN,2015,0.006
Oman,OMN,2016,0
Oman,OMN,2017,0
Oman,OMN,2018,0
Oman,OMN,2019,0
Pakistan,PAK,1966,0
Pakistan,PAK,1967,0
Pakistan,PAK,1968,0
Pakistan,PAK,1969,0
Pakistan,PAK,1970,0
Pakistan,PAK,1971,0
Pakistan,PAK,1972,0
Pakistan,PAK,1973,0
Pakistan,PAK,1974,0
Pakistan,PAK,1975,0
Pakistan,PAK,1976,0
Pakistan,PAK,1977,0
Pakistan,PAK,1978,0
Pakistan,PAK,1979,0
Pakistan,PAK,1980,0
Pakistan,PAK,1981,0
Pakistan,PAK,1982,0
Pakistan,PAK,1983,0
Pakistan,PAK,1984,0
Pakistan,PAK,1985,0
Pakistan,PAK,1986,0
Pakistan,PAK,1987,0
Pakistan,PAK,1988,0
Pakistan,PAK,1989,0
Pakistan,PAK,1990,0
Pakistan,PAK,1991,0
Pakistan,PAK,1992,0
Pakistan,PAK,1993,0
Pakistan,PAK,1994,0
Pakistan,PAK,1995,0
Pakistan,PAK,1996,0
Pakistan,PAK,1997,0
Pakistan,PAK,1998,0
Pakistan,PAK,1999,0
Pakistan,PAK,2000,0
Pakistan,PAK,2001,0
Pakistan,PAK,2002,0
Pakistan,PAK,2003,0
Pakistan,PAK,2004,0
Pakistan,PAK,2005,0
Pakistan,PAK,2006,0
Pakistan,PAK,2007,0.001
Pakistan,PAK,2008,0.004
Pakistan,PAK,2009,0.01
Pakistan,PAK,2010,0.021
Pakistan,PAK,2011,0.035
Pakistan,PAK,2012,0.1
Pakistan,PAK,2013,0.201
Pakistan,PAK,2014,0.235
Pakistan,PAK,2015,0.325
Pakistan,PAK,2016,0.728
Pakistan,PAK,2017,0.566
Pakistan,PAK,2018,0.313
Pakistan,PAK,2019,0.337
Peru,PER,1966,0
Peru,PER,1967,0
Peru,PER,1968,0
Peru,PER,1969,0
Peru,PER,1970,0
Peru,PER,1971,0
Peru,PER,1972,0
Peru,PER,1973,0
Peru,PER,1974,0
Peru,PER,1975,0
Peru,PER,1976,0
Peru,PER,1977,0
Peru,PER,1978,0
Peru,PER,1979,0
Peru,PER,1980,0
Peru,PER,1981,0
Peru,PER,1982,0
Peru,PER,1983,0
Peru,PER,1984,0
Peru,PER,1985,0
Peru,PER,1986,0
Peru,PER,1987,0
Peru,PER,1988,0
Peru,PER,1989,0
Peru,PER,1990,0
Peru,PER,1991,0
Peru,PER,1992,0
Peru,PER,1993,0
Peru,PER,1994,0
Peru,PER,1995,0
Peru,PER,1996,0
Peru,PER,1997,0
Peru,PER,1998,0
Peru,PER,1999,0
Peru,PER,2000,0
Peru,PER,2001,0
Peru,PER,2002,0
Peru,PER,2003,0
Peru,PER,2004,0
Peru,PER,2005,0
Peru,PER,2006,0
Peru,PER,2007,0
Peru,PER,2008,0
Peru,PER,2009,0
Peru,PER,2010,0
Peru,PER,2011,0
Peru,PER,2012,0.154
Peru,PER,2013,0.35
Peru,PER,2014,0.003
Peru,PER,2015,0.075
Peru,PER,2016,0.026
Peru,PER,2017,0.11
Peru,PER,2018,1.135
Peru,PER,2019,0.034
Philippines,PHL,1966,0
Philippines,PHL,1967,0
Philippines,PHL,1968,0
Philippines,PHL,1969,0
Philippines,PHL,1970,0
Philippines,PHL,1971,0
Philippines,PHL,1972,0
Philippines,PHL,1973,0
Philippines,PHL,1974,0
Philippines,PHL,1975,0
Philippines,PHL,1976,0
Philippines,PHL,1977,0
Philippines,PHL,1978,0
Philippines,PHL,1979,0
Philippines,PHL,1980,0
Philippines,PHL,1981,0
Philippines,PHL,1982,0
Philippines,PHL,1983,0
Philippines,PHL,1984,0
Philippines,PHL,1985,0
Philippines,PHL,1986,0
Philippines,PHL,1987,0
Philippines,PHL,1988,0
Philippines,PHL,1989,0
Philippines,PHL,1990,0
Philippines,PHL,1991,0
Philippines,PHL,1992,0
Philippines,PHL,1993,0
Philippines,PHL,1994,0
Philippines,PHL,1995,0
Philippines,PHL,1996,0
Philippines,PHL,1997,0
Philippines,PHL,1998,0
Philippines,PHL,1999,0
Philippines,PHL,2000,0
Philippines,PHL,2001,0
Philippines,PHL,2002,0
Philippines,PHL,2003,0
Philippines,PHL,2004,0
Philippines,PHL,2005,0.004
Philippines,PHL,2006,0
Philippines,PHL,2007,0
Philippines,PHL,2008,0
Philippines,PHL,2009,0
Philippines,PHL,2010,0
Philippines,PHL,2011,0
Philippines,PHL,2012,0
Philippines,PHL,2013,0
Philippines,PHL,2014,0.038
Philippines,PHL,2015,0.308
Philippines,PHL,2016,2.408
Philippines,PHL,2017,0.244
Philippines,PHL,2018,0.102
Philippines,PHL,2019,0.192
Poland,POL,1966,0
Poland,POL,1967,0
Poland,POL,1968,0
Poland,POL,1969,0
Poland,POL,1970,0
Poland,POL,1971,0
Poland,POL,1972,0
Poland,POL,1973,0
Poland,POL,1974,0
Poland,POL,1975,0
Poland,POL,1976,0
Poland,POL,1977,0
Poland,POL,1978,0
Poland,POL,1979,0
Poland,POL,1980,0
Poland,POL,1981,0
Poland,POL,1982,0
Poland,POL,1983,0
Poland,POL,1984,0
Poland,POL,1985,0
Poland,POL,1986,0
Poland,POL,1987,0
Poland,POL,1988,0
Poland,POL,1989,0
Poland,POL,1990,0
Poland,POL,1991,0
Poland,POL,1992,0
Poland,POL,1993,0
Poland,POL,1994,0
Poland,POL,1995,0
Poland,POL,1996,0
Poland,POL,1997,0
Poland,POL,1998,0
Poland,POL,1999,0
Poland,POL,2000,0
Poland,POL,2001,0
Poland,POL,2002,0
Poland,POL,2003,0
Poland,POL,2004,0
Poland,POL,2005,0
Poland,POL,2006,0
Poland,POL,2007,0
Poland,POL,2008,0
Poland,POL,2009,0
Poland,POL,2010,0
Poland,POL,2011,0.001
Poland,POL,2012,0.002
Poland,POL,2013,0.001
Poland,POL,2014,0.014
Poland,POL,2015,0.126
Poland,POL,2016,0.168
Poland,POL,2017,0.101
Poland,POL,2018,0.333
Poland,POL,2019,1.02
Portugal,PRT,1966,0
Portugal,PRT,1967,0
Portugal,PRT,1968,0
Portugal,PRT,1969,0
Portugal,PRT,1970,0
Portugal,PRT,1971,0
Portugal,PRT,1972,0
Portugal,PRT,1973,0
Portugal,PRT,1974,0
Portugal,PRT,1975,0
Portugal,PRT,1976,0
Portugal,PRT,1977,0
Portugal,PRT,1978,0
Portugal,PRT,1979,0
Portugal,PRT,1980,0
Portugal,PRT,1981,0
Portugal,PRT,1982,0
Portugal,PRT,1983,0
Portugal,PRT,1984,0
Portugal,PRT,1985,0
Portugal,PRT,1986,0
Portugal,PRT,1987,0
Portugal,PRT,1988,0
Portugal,PRT,1989,0.003
Portugal,PRT,1990,-0.003
Portugal,PRT,1991,0
Portugal,PRT,1992,0
Portugal,PRT,1993,0
Portugal,PRT,1994,0
Portugal,PRT,1995,0
Portugal,PRT,1996,0.003
Portugal,PRT,1997,0
Portugal,PRT,1998,-0.001
Portugal,PRT,1999,0.001
Portugal,PRT,2000,0.001
Portugal,PRT,2001,0.001
Portugal,PRT,2002,0.001
Portugal,PRT,2003,0.002
Portugal,PRT,2004,0.001
Portugal,PRT,2005,0.002
Portugal,PRT,2006,0.003
Portugal,PRT,2007,0.05
Portugal,PRT,2008,0.044
Portugal,PRT,2009,0.312
Portugal,PRT,2010,0.141
Portugal,PRT,2011,0.17
Portugal,PRT,2012,0.281
Portugal,PRT,2013,0.214
Portugal,PRT,2014,0.37
Portugal,PRT,2015,0.418
Portugal,PRT,2016,0.053
Portugal,PRT,2017,0.413
Portugal,PRT,2018,0.018
Portugal,PRT,2019,0.659
Qatar,QAT,1966,0
Qatar,QAT,1967,0
Qatar,QAT,1968,0
Qatar,QAT,1969,0
Qatar,QAT,1970,0
Qatar,QAT,1971,0
Qatar,QAT,1972,0
Qatar,QAT,1973,0
Qatar,QAT,1974,0
Qatar,QAT,1975,0
Qatar,QAT,1976,0
Qatar,QAT,1977,0
Qatar,QAT,1978,0
Qatar,QAT,1979,0
Qatar,QAT,1980,0
Qatar,QAT,1981,0
Qatar,QAT,1982,0
Qatar,QAT,1983,0
Qatar,QAT,1984,0
Qatar,QAT,1985,0
Qatar,QAT,1986,0
Qatar,QAT,1987,0
Qatar,QAT,1988,0
Qatar,QAT,1989,0
Qatar,QAT,1990,0
Qatar,QAT,1991,0
Qatar,QAT,1992,0
Qatar,QAT,1993,0
Qatar,QAT,1994,0
Qatar,QAT,1995,0
Qatar,QAT,1996,0
Qatar,QAT,1997,0
Qatar,QAT,1998,0
Qatar,QAT,1999,0
Qatar,QAT,2000,0
Qatar,QAT,2001,0
Qatar,QAT,2002,0
Qatar,QAT,2003,0
Qatar,QAT,2004,0
Qatar,QAT,2005,0
Qatar,QAT,2006,0
Qatar,QAT,2007,0
Qatar,QAT,2008,0
Qatar,QAT,2009,0
Qatar,QAT,2010,0
Qatar,QAT,2011,0.003
Qatar,QAT,2012,0
Qatar,QAT,2013,0.007
Qatar,QAT,2014,0.007
Qatar,QAT,2015,0
Qatar,QAT,2016,0.005
Qatar,QAT,2017,0
Qatar,QAT,2018,0
Qatar,QAT,2019,0
Romania,ROU,1966,0
Romania,ROU,1967,0
Romania,ROU,1968,0
Romania,ROU,1969,0
Romania,ROU,1970,0
Romania,ROU,1971,0
Romania,ROU,1972,0
Romania,ROU,1973,0
Romania,ROU,1974,0
Romania,ROU,1975,0
Romania,ROU,1976,0
Romania,ROU,1977,0
Romania,ROU,1978,0
Romania,ROU,1979,0
Romania,ROU,1980,0
Romania,ROU,1981,0
Romania,ROU,1982,0
Romania,ROU,1983,0
Romania,ROU,1984,0
Romania,ROU,1985,0
Romania,ROU,1986,0
Romania,ROU,1987,0
Romania,ROU,1988,0
Romania,ROU,1989,0
Romania,ROU,1990,0
Romania,ROU,1991,0
Romania,ROU,1992,0
Romania,ROU,1993,0
Romania,ROU,1994,0
Romania,ROU,1995,0
Romania,ROU,1996,0
Romania,ROU,1997,0
Romania,ROU,1998,0
Romania,ROU,1999,0
Romania,ROU,2000,0
Romania,ROU,2001,0
Romania,ROU,2002,0
Romania,ROU,2003,0
Romania,ROU,2004,0
Romania,ROU,2005,0
Romania,ROU,2006,0
Romania,ROU,2007,0
Romania,ROU,2008,0
Romania,ROU,2009,0.003
Romania,ROU,2010,0.003
Romania,ROU,2011,-0.003
Romania,ROU,2012,0.018
Romania,ROU,2013,1.055
Romania,ROU,2014,2.221
Romania,ROU,2015,1.718
Romania,ROU,2016,-0.437
Romania,ROU,2017,0.063
Romania,ROU,2018,-0.238
Romania,ROU,2019,-0.108
Russia,RUS,1986,0
Russia,RUS,1987,0
Russia,RUS,1988,0
Russia,RUS,1989,0
Russia,RUS,1990,0
Russia,RUS,1991,0
Russia,RUS,1992,0
Russia,RUS,1993,0
Russia,RUS,1994,0
Russia,RUS,1995,0
Russia,RUS,1996,0
Russia,RUS,1997,0
Russia,RUS,1998,0
Russia,RUS,1999,0
Russia,RUS,2000,0
Russia,RUS,2001,0
Russia,RUS,2002,0
Russia,RUS,2003,0
Russia,RUS,2004,0
Russia,RUS,2005,0
Russia,RUS,2006,0
Russia,RUS,2007,0
Russia,RUS,2008,0
Russia,RUS,2009,0
Russia,RUS,2010,0
Russia,RUS,2011,0.003
Russia,RUS,2012,0.008
Russia,RUS,2013,0.017
Russia,RUS,2014,0.38
Russia,RUS,2015,0.442
Russia,RUS,2016,0.329
Russia,RUS,2017,0.182
Russia,RUS,2018,0.192
Russia,RUS,2019,0.887
Saudi Arabia,SAU,1966,0
Saudi Arabia,SAU,1967,0
Saudi Arabia,SAU,1968,0
Saudi Arabia,SAU,1969,0
Saudi Arabia,SAU,1970,0
Saudi Arabia,SAU,1971,0
Saudi Arabia,SAU,1972,0
Saudi Arabia,SAU,1973,0
Saudi Arabia,SAU,1974,0
Saudi Arabia,SAU,1975,0
Saudi Arabia,SAU,1976,0
Saudi Arabia,SAU,1977,0
Saudi Arabia,SAU,1978,0
Saudi Arabia,SAU,1979,0
Saudi Arabia,SAU,1980,0
Saudi Arabia,SAU,1981,0
Saudi Arabia,SAU,1982,0
Saudi Arabia,SAU,1983,0
Saudi Arabia,SAU,1984,0
Saudi Arabia,SAU,1985,0
Saudi Arabia,SAU,1986,0
Saudi Arabia,SAU,1987,0
Saudi Arabia,SAU,1988,0
Saudi Arabia,SAU,1989,0
Saudi Arabia,SAU,1990,0
Saudi Arabia,SAU,1991,0
Saudi Arabia,SAU,1992,0
Saudi Arabia,SAU,1993,0
Saudi Arabia,SAU,1994,0
Saudi Arabia,SAU,1995,0
Saudi Arabia,SAU,1996,0
Saudi Arabia,SAU,1997,0
Saudi Arabia,SAU,1998,0
Saudi Arabia,SAU,1999,0
Saudi Arabia,SAU,2000,0
Saudi Arabia,SAU,2001,0
Saudi Arabia,SAU,2002,0
Saudi Arabia,SAU,2003,0
Saudi Arabia,SAU,2004,0
Saudi Arabia,SAU,2005,0
Saudi Arabia,SAU,2006,0
Saudi Arabia,SAU,2007,0
Saudi Arabia,SAU,2008,0.002
Saudi Arabia,SAU,2009,0
Saudi Arabia,SAU,2010,0.009
Saudi Arabia,SAU,2011,0.002
Saudi Arabia,SAU,2012,0.048
Saudi Arabia,SAU,2013,0.039
Saudi Arabia,SAU,2014,0.007
Saudi Arabia,SAU,2015,0.219
Saudi Arabia,SAU,2016,-0.002
Saudi Arabia,SAU,2017,0.063
Saudi Arabia,SAU,2018,0.559
Saudi Arabia,SAU,2019,3.463
Singapore,SGP,1966,0
Singapore,SGP,1967,0
Singapore,SGP,1968,0
Singapore,SGP,1969,0
Singapore,SGP,1970,0
Singapore,SGP,1971,0
Singapore,SGP,1972,0
Singapore,SGP,1973,0
Singapore,SGP,1974,0
Singapore,SGP,1975,0
Singapore,SGP,1976,0
Singapore,SGP,1977,0
Singapore,SGP,1978,0
Singapore,SGP,1979,0
Singapore,SGP,1980,0
Singapore,SGP,1981,0
Singapore,SGP,1982,0
Singapore,SGP,1983,0
Singapore,SGP,1984,0
Singapore,SGP,1985,0
Singapore,SGP,1986,0
Singapore,SGP,1987,0
Singapore,SGP,1988,0
Singapore,SGP,1989,0
Singapore,SGP,1990,0
Singapore,SGP,1991,0
Singapore,SGP,1992,0
Singapore,SGP,1993,0
Singapore,SGP,1994,0
Singapore,SGP,1995,0
Singapore,SGP,1996,0
Singapore,SGP,1997,0
Singapore,SGP,1998,0
Singapore,SGP,1999,0
Singapore,SGP,2000,0
Singapore,SGP,2001,0
Singapore,SGP,2002,0
Singapore,SGP,2003,0
Singapore,SGP,2004,0
Singapore,SGP,2005,0
Singapore,SGP,2006,0
Singapore,SGP,2007,0
Singapore,SGP,2008,0.001
Singapore,SGP,2009,0.003
Singapore,SGP,2010,0.004
Singapore,SGP,2011,0.005
Singapore,SGP,2012,0.008
Singapore,SGP,2013,0.011
Singapore,SGP,2014,0.037
Singapore,SGP,2015,0.054
Singapore,SGP,2016,0.099
Singapore,SGP,2017,0.084
Singapore,SGP,2018,0.029
Singapore,SGP,2019,0.146
Slovakia,SVK,1966,0
Slovakia,SVK,1967,0
Slovakia,SVK,1968,0
Slovakia,SVK,1969,0
Slovakia,SVK,1970,0
Slovakia,SVK,1971,0
Slovakia,SVK,1972,0
Slovakia,SVK,1973,0
Slovakia,SVK,1974,0
Slovakia,SVK,1975,0
Slovakia,SVK,1976,0
Slovakia,SVK,1977,0
Slovakia,SVK,1978,0
Slovakia,SVK,1979,0
Slovakia,SVK,1980,0
Slovakia,SVK,1981,0
Slovakia,SVK,1982,0
Slovakia,SVK,1983,0
Slovakia,SVK,1984,0
Slovakia,SVK,1985,0
Slovakia,SVK,1986,0
Slovakia,SVK,1987,0
Slovakia,SVK,1988,0
Slovakia,SVK,1989,0
Slovakia,SVK,1990,0
Slovakia,SVK,1991,0
Slovakia,SVK,1992,0
Slovakia,SVK,1993,0
Slovakia,SVK,1994,0
Slovakia,SVK,1995,0
Slovakia,SVK,1996,0
Slovakia,SVK,1997,0
Slovakia,SVK,1998,0
Slovakia,SVK,1999,0
Slovakia,SVK,2000,0
Slovakia,SVK,2001,0
Slovakia,SVK,2002,0
Slovakia,SVK,2003,0
Slovakia,SVK,2004,0
Slovakia,SVK,2005,0
Slovakia,SVK,2006,0
Slovakia,SVK,2007,0
Slovakia,SVK,2008,0
Slovakia,SVK,2009,0
Slovakia,SVK,2010,0.044
Slovakia,SVK,2011,0.984
Slovakia,SVK,2012,0.063
Slovakia,SVK,2013,0.413
Slovakia,SVK,2014,0.014
Slovakia,SVK,2015,-0.239
Slovakia,SVK,2016,0.06
Slovakia,SVK,2017,-0.075
Slovakia,SVK,2018,0.189
Slovakia,SVK,2019,0.005
Slovenia,SVN,1991,0
Slovenia,SVN,1992,0
Slovenia,SVN,1993,0
Slovenia,SVN,1994,0
Slovenia,SVN,1995,0
Slovenia,SVN,1996,0
Slovenia,SVN,1997,0
Slovenia,SVN,1998,0
Slovenia,SVN,1999,0
Slovenia,SVN,2000,0
Slovenia,SVN,2001,0
Slovenia,SVN,2002,0
Slovenia,SVN,2003,0
Slovenia,SVN,2004,0
Slovenia,SVN,2005,0
Slovenia,SVN,2006,0
Slovenia,SVN,2007,0
Slovenia,SVN,2008,0.003
Slovenia,SVN,2009,0.008
Slovenia,SVN,2010,0.023
Slovenia,SVN,2011,0.137
Slovenia,SVN,2012,0.249
Slovenia,SVN,2013,0.131
Slovenia,SVN,2014,0.104
Slovenia,SVN,2015,0.039
Slovenia,SVN,2016,-0.022
Slovenia,SVN,2017,0.038
Slovenia,SVN,2018,-0.076
Slovenia,SVN,2019,0.03
South Africa,ZAF,1966,0
South Africa,ZAF,1967,0
South Africa,ZAF,1968,0
South Africa,ZAF,1969,0
South Africa,ZAF,1970,0
South Africa,ZAF,1971,0
South Africa,ZAF,1972,0
South Africa,ZAF,1973,0
South Africa,ZAF,1974,0
South Africa,ZAF,1975,0
South Africa,ZAF,1976,0
South Africa,ZAF,1977,0
South Africa,ZAF,1978,0
South Africa,ZAF,1979,0
South Africa,ZAF,1980,0
South Africa,ZAF,1981,0
South Africa,ZAF,1982,0
South Africa,ZAF,1983,0
South Africa,ZAF,1984,0
South Africa,ZAF,1985,0
South Africa,ZAF,1986,0
South Africa,ZAF,1987,0
South Africa,ZAF,1988,0
South Africa,ZAF,1989,0
South Africa,ZAF,1990,0
South Africa,ZAF,1991,0
South Africa,ZAF,1992,0
South Africa,ZAF,1993,0
South Africa,ZAF,1994,0
South Africa,ZAF,1995,0
South Africa,ZAF,1996,0
South Africa,ZAF,1997,0
South Africa,ZAF,1998,0
South Africa,ZAF,1999,0
South Africa,ZAF,2000,0.026
South Africa,ZAF,2001,0.004
South Africa,ZAF,2002,0.004
South Africa,ZAF,2003,0.004
South Africa,ZAF,2004,0.004
South Africa,ZAF,2005,0.004
South Africa,ZAF,2006,0.004
South Africa,ZAF,2007,0.004
South Africa,ZAF,2008,0.004
South Africa,ZAF,2009,0.004
South Africa,ZAF,2010,0.011
South Africa,ZAF,2011,0.136
South Africa,ZAF,2012,0.013
South Africa,ZAF,2013,0.401
South Africa,ZAF,2014,2.236
South Africa,ZAF,2015,4.096
South Africa,ZAF,2016,1.279
South Africa,ZAF,2017,2.457
South Africa,ZAF,2018,1.575
South Africa,ZAF,2019,0.761
South Korea,KOR,1966,0
South Korea,KOR,1967,0
South Korea,KOR,1968,0
South Korea,KOR,1969,0
South Korea,KOR,1970,0
South Korea,KOR,1971,0
South Korea,KOR,1972,0
South Korea,KOR,1973,0
South Korea,KOR,1974,0
South Korea,KOR,1975,0
South Korea,KOR,1976,0
South Korea,KOR,1977,0
South Korea,KOR,1978,0
South Korea,KOR,1979,0
South Korea,KOR,1980,0
South Korea,KOR,1981,0
South Korea,KOR,1982,0
South Korea,KOR,1983,0
South Korea,KOR,1984,0
South Korea,KOR,1985,0
South Korea,KOR,1986,0
South Korea,KOR,1987,0
South Korea,KOR,1988,0
South Korea,KOR,1989,0
South Korea,KOR,1990,0.003
South Korea,KOR,1991,0
South Korea,KOR,1992,0.003
South Korea,KOR,1993,0
South Korea,KOR,1994,0
South Korea,KOR,1995,0
South Korea,KOR,1996,0.003
South Korea,KOR,1997,0
South Korea,KOR,1998,0.003
South Korea,KOR,1999,0.002
South Korea,KOR,2000,0.002
South Korea,KOR,2001,0.002
South Korea,KOR,2002,0.002
South Korea,KOR,2003,0.002
South Korea,KOR,2004,0.006
South Korea,KOR,2005,0.012
South Korea,KOR,2006,0.044
South Korea,KOR,2007,0.131
South Korea,KOR,2008,0.622
South Korea,KOR,2009,0.718
South Korea,KOR,2010,0.563
South Korea,KOR,2011,0.483
South Korea,KOR,2012,0.447
South Korea,KOR,2013,1.39
South Korea,KOR,2014,2.508
South Korea,KOR,2015,3.769
South Korea,KOR,2016,2.887
South Korea,KOR,2017,5.144
South Korea,KOR,2018,5.267
South Korea,KOR,2019,6.032
Spain,ESP,1966,0
Spain,ESP,1967,0
Spain,ESP,1968,0
Spain,ESP,1969,0
Spain,ESP,1970,0
Spain,ESP,1971,0
Spain,ESP,1972,0
Spain,ESP,1973,0
Spain,ESP,1974,0
Spain,ESP,1975,0
Spain,ESP,1976,0
Spain,ESP,1977,0
Spain,ESP,1978,0
Spain,ESP,1979,0
Spain,ESP,1980,0
Spain,ESP,1981,0
Spain,ESP,1982,0
Spain,ESP,1983,0
Spain,ESP,1984,0
Spain,ESP,1985,0
Spain,ESP,1986,0
Spain,ESP,1987,0
Spain,ESP,1988,0
Spain,ESP,1989,0.017
Spain,ESP,1990,0
Spain,ESP,1991,0.003
Spain,ESP,1992,0.003
Spain,ESP,1993,0.003
Spain,ESP,1994,0.003
Spain,ESP,1995,0.014
Spain,ESP,1996,-0.008
Spain,ESP,1997,0.003
Spain,ESP,1998,0.006
Spain,ESP,1999,0.006
Spain,ESP,2000,0.003
Spain,ESP,2001,0.016
Spain,ESP,2002,0.016
Spain,ESP,2003,0.029
Spain,ESP,2004,0.04
Spain,ESP,2005,-0.041
Spain,ESP,2006,0.208
Spain,ESP,2007,1.031
Spain,ESP,2008,5.456
Spain,ESP,2009,9.111
Spain,ESP,2010,2.503
Spain,ESP,2011,4.073
Spain,ESP,2012,8.329
Spain,ESP,2013,2.746
Spain,ESP,2014,1.23
Spain,ESP,2015,0.262
Spain,ESP,2016,-0.752
Spain,ESP,2017,1.496
Spain,ESP,2018,-4.128
Spain,ESP,2019,5.573
Sri Lanka,LKA,1966,0
Sri Lanka,LKA,1967,0
Sri Lanka,LKA,1968,0
Sri Lanka,LKA,1969,0
Sri Lanka,LKA,1970,0
Sri Lanka,LKA,1971,0
Sri Lanka,LKA,1972,0
Sri Lanka,LKA,1973,0
Sri Lanka,LKA,1974,0
Sri Lanka,LKA,1975,0
Sri Lanka,LKA,1976,0
Sri Lanka,LKA,1977,0
Sri Lanka,LKA,1978,0
Sri Lanka,LKA,1979,0
Sri Lanka,LKA,1980,0
Sri Lanka,LKA,1981,0
Sri Lanka,LKA,1982,0
Sri Lanka,LKA,1983,0
Sri Lanka,LKA,1984,0
Sri Lanka,LKA,1985,0
Sri Lanka,LKA,1986,0
Sri Lanka,LKA,1987,0
Sri Lanka,LKA,1988,0
Sri Lanka,LKA,1989,0
Sri Lanka,LKA,1990,0
Sri Lanka,LKA,1991,0
Sri Lanka,LKA,1992,0
Sri Lanka,LKA,1993,0
Sri Lanka,LKA,1994,0
Sri Lanka,LKA,1995,0
Sri Lanka,LKA,1996,0
Sri Lanka,LKA,1997,0
Sri Lanka,LKA,1998,0
Sri Lanka,LKA,1999,0
Sri Lanka,LKA,2000,0.001
Sri Lanka,LKA,2001,0.001
Sri Lanka,LKA,2002,0.002
Sri Lanka,LKA,2003,0.002
Sri Lanka,LKA,2004,0.003
Sri Lanka,LKA,2005,0.003
Sri Lanka,LKA,2006,0.002
Sri Lanka,LKA,2007,0.001
Sri Lanka,LKA,2008,0.001
Sri Lanka,LKA,2009,0.001
Sri Lanka,LKA,2010,0.001
Sri Lanka,LKA,2011,0.004
Sri Lanka,LKA,2012,0.003
Sri Lanka,LKA,2013,0.011
Sri Lanka,LKA,2014,0.035
Sri Lanka,LKA,2015,0.052
Sri Lanka,LKA,2016,0.085
Sri Lanka,LKA,2017,0.353
Sri Lanka,LKA,2018,0.227
Sri Lanka,LKA,2019,0.125
Sweden,SWE,1966,0
Sweden,SWE,1967,0
Sweden,SWE,1968,0
Sweden,SWE,1969,0
Sweden,SWE,1970,0
Sweden,SWE,1971,0
Sweden,SWE,1972,0
Sweden,SWE,1973,0
Sweden,SWE,1974,0
Sweden,SWE,1975,0
Sweden,SWE,1976,0
Sweden,SWE,1977,0
Sweden,SWE,1978,0
Sweden,SWE,1979,0
Sweden,SWE,1980,0
Sweden,SWE,1981,0
Sweden,SWE,1982,0
Sweden,SWE,1983,0
Sweden,SWE,1984,0
Sweden,SWE,1985,0
Sweden,SWE,1986,0
Sweden,SWE,1987,0
Sweden,SWE,1988,0
Sweden,SWE,1989,0
Sweden,SWE,1990,0
Sweden,SWE,1991,0
Sweden,SWE,1992,0
Sweden,SWE,1993,0.003
Sweden,SWE,1994,0
Sweden,SWE,1995,0
Sweden,SWE,1996,0
Sweden,SWE,1997,0
Sweden,SWE,1998,0
Sweden,SWE,1999,0
Sweden,SWE,2000,0
Sweden,SWE,2001,0.003
Sweden,SWE,2002,0
Sweden,SWE,2003,0
Sweden,SWE,2004,0
Sweden,SWE,2005,0
Sweden,SWE,2006,0
Sweden,SWE,2007,0.003
Sweden,SWE,2008,0.003
Sweden,SWE,2009,0.008
Sweden,SWE,2010,0.005
Sweden,SWE,2011,0.01
Sweden,SWE,2012,0.015
Sweden,SWE,2013,0.041
Sweden,SWE,2014,0.03
Sweden,SWE,2015,0.126
Sweden,SWE,2016,0.114
Sweden,SWE,2017,0.215
Sweden,SWE,2018,0.397
Sweden,SWE,2019,0.481
Switzerland,CHE,1966,0
Switzerland,CHE,1967,0
Switzerland,CHE,1968,0
Switzerland,CHE,1969,0
Switzerland,CHE,1970,0
Switzerland,CHE,1971,0
Switzerland,CHE,1972,0
Switzerland,CHE,1973,0
Switzerland,CHE,1974,0
Switzerland,CHE,1975,0
Switzerland,CHE,1976,0
Switzerland,CHE,1977,0
Switzerland,CHE,1978,0
Switzerland,CHE,1979,0
Switzerland,CHE,1980,0
Switzerland,CHE,1981,0
Switzerland,CHE,1982,0
Switzerland,CHE,1983,0
Switzerland,CHE,1984,0
Switzerland,CHE,1985,0
Switzerland,CHE,1986,0
Switzerland,CHE,1987,0
Switzerland,CHE,1988,0
Switzerland,CHE,1989,0
Switzerland,CHE,1990,0.003
Switzerland,CHE,1991,0.003
Switzerland,CHE,1992,0.003
Switzerland,CHE,1993,0.003
Switzerland,CHE,1994,0.003
Switzerland,CHE,1995,0.003
Switzerland,CHE,1996,0.003
Switzerland,CHE,1997,0
Switzerland,CHE,1998,0.003
Switzerland,CHE,1999,0.006
Switzerland,CHE,2000,0.003
Switzerland,CHE,2001,0.005
Switzerland,CHE,2002,0.005
Switzerland,CHE,2003,0.008
Switzerland,CHE,2004,0
Switzerland,CHE,2005,0.008
Switzerland,CHE,2006,0.008
Switzerland,CHE,2007,0.013
Switzerland,CHE,2008,0.021
Switzerland,CHE,2009,0.044
Switzerland,CHE,2010,0.103
Switzerland,CHE,2011,0.19
Switzerland,CHE,2012,0.335
Switzerland,CHE,2013,0.51
Switzerland,CHE,2014,0.863
Switzerland,CHE,2015,0.688
Switzerland,CHE,2016,0.521
Switzerland,CHE,2017,0.855
Switzerland,CHE,2018,0.624
Switzerland,CHE,2019,0.765
Taiwan,TWN,1966,0
Taiwan,TWN,1967,0
Taiwan,TWN,1968,0
Taiwan,TWN,1969,0
Taiwan,TWN,1970,0
Taiwan,TWN,1971,0
Taiwan,TWN,1972,0
Taiwan,TWN,1973,0
Taiwan,TWN,1974,0
Taiwan,TWN,1975,0
Taiwan,TWN,1976,0
Taiwan,TWN,1977,0
Taiwan,TWN,1978,0
Taiwan,TWN,1979,0
Taiwan,TWN,1980,0
Taiwan,TWN,1981,0
Taiwan,TWN,1982,0
Taiwan,TWN,1983,0
Taiwan,TWN,1984,0
Taiwan,TWN,1985,0
Taiwan,TWN,1986,0
Taiwan,TWN,1987,0
Taiwan,TWN,1988,0
Taiwan,TWN,1989,0
Taiwan,TWN,1990,0
Taiwan,TWN,1991,0
Taiwan,TWN,1992,0
Taiwan,TWN,1993,0
Taiwan,TWN,1994,0
Taiwan,TWN,1995,0
Taiwan,TWN,1996,0
Taiwan,TWN,1997,0
Taiwan,TWN,1998,0
Taiwan,TWN,1999,0
Taiwan,TWN,2000,0
Taiwan,TWN,2001,0
Taiwan,TWN,2002,0
Taiwan,TWN,2003,0
Taiwan,TWN,2004,0
Taiwan,TWN,2005,0.001
Taiwan,TWN,2006,0.001
Taiwan,TWN,2007,0.002
Taiwan,TWN,2008,0.006
Taiwan,TWN,2009,0.012
Taiwan,TWN,2010,0.043
Taiwan,TWN,2011,0.115
Taiwan,TWN,2012,0.264
Taiwan,TWN,2013,0.419
Taiwan,TWN,2014,0.539
Taiwan,TWN,2015,0.811
Taiwan,TWN,2016,0.632
Taiwan,TWN,2017,1.382
Taiwan,TWN,2018,2.58
Taiwan,TWN,2019,3.453
Thailand,THA,1966,0
Thailand,THA,1967,0
Thailand,THA,1968,0
Thailand,THA,1969,0
Thailand,THA,1970,0
Thailand,THA,1971,0
Thailand,THA,1972,0
Thailand,THA,1973,0
Thailand,THA,1974,0
Thailand,THA,1975,0
Thailand,THA,1976,0
Thailand,THA,1977,0
Thailand,THA,1978,0
Thailand,THA,1979,0
Thailand,THA,1980,0
Thailand,THA,1981,0
Thailand,THA,1982,0
Thailand,THA,1983,0
Thailand,THA,1984,0
Thailand,THA,1985,0
Thailand,THA,1986,0
Thailand,THA,1987,0
Thailand,THA,1988,0
Thailand,THA,1989,0
Thailand,THA,1990,0
Thailand,THA,1991,0
Thailand,THA,1992,0
Thailand,THA,1993,0
Thailand,THA,1994,0
Thailand,THA,1995,0
Thailand,THA,1996,0
Thailand,THA,1997,0
Thailand,THA,1998,0
Thailand,THA,1999,0
Thailand,THA,2000,0
Thailand,THA,2001,0
Thailand,THA,2002,0
Thailand,THA,2003,0
Thailand,THA,2004,0
Thailand,THA,2005,0
Thailand,THA,2006,0.098
Thailand,THA,2007,0.005
Thailand,THA,2008,0
Thailand,THA,2009,0.014
Thailand,THA,2010,0.036
Thailand,THA,2011,0.093
Thailand,THA,2012,1.039
Thailand,THA,2013,1.935
Thailand,THA,2014,1.701
Thailand,THA,2015,1.095
Thailand,THA,2016,2.477
Thailand,THA,2017,2.865
Thailand,THA,2018,1.042
Thailand,THA,2019,0.017
Trinidad and Tobago,TTO,1966,0
Trinidad and Tobago,TTO,1967,0
Trinidad and Tobago,TTO,1968,0
Trinidad and Tobago,TTO,1969,0
Trinidad and Tobago,TTO,1970,0
Trinidad and Tobago,TTO,1971,0
Trinidad and Tobago,TTO,1972,0
Trinidad and Tobago,TTO,1973,0
Trinidad and Tobago,TTO,1974,0
Trinidad and Tobago,TTO,1975,0
Trinidad and Tobago,TTO,1976,0
Trinidad and Tobago,TTO,1977,0
Trinidad and Tobago,TTO,1978,0
Trinidad and Tobago,TTO,1979,0
Trinidad and Tobago,TTO,1980,0
Trinidad and Tobago,TTO,1981,0
Trinidad and Tobago,TTO,1982,0
Trinidad and Tobago,TTO,1983,0
Trinidad and Tobago,TTO,1984,0
Trinidad and Tobago,TTO,1985,0
Trinidad and Tobago,TTO,1986,0
Trinidad and Tobago,TTO,1987,0
Trinidad and Tobago,TTO,1988,0
Trinidad and Tobago,TTO,1989,0
Trinidad and Tobago,TTO,1990,0
Trinidad and Tobago,TTO,1991,0
Trinidad and Tobago,TTO,1992,0
Trinidad and Tobago,TTO,1993,0
Trinidad and Tobago,TTO,1994,0
Trinidad and Tobago,TTO,1995,0
Trinidad and Tobago,TTO,1996,0
Trinidad and Tobago,TTO,1997,0
Trinidad and Tobago,TTO,1998,0
Trinidad and Tobago,TTO,1999,0
Trinidad and Tobago,TTO,2000,0
Trinidad and Tobago,TTO,2001,0.001
Trinidad and Tobago,TTO,2002,0.001
Trinidad and Tobago,TTO,2003,0.001
Trinidad and Tobago,TTO,2004,0.002
Trinidad and Tobago,TTO,2005,0
Trinidad and Tobago,TTO,2006,0.001
Trinidad and Tobago,TTO,2007,0
Trinidad and Tobago,TTO,2008,0.001
Trinidad and Tobago,TTO,2009,0.001
Trinidad and Tobago,TTO,2010,0.001
Trinidad and Tobago,TTO,2011,0
Trinidad and Tobago,TTO,2012,0
Trinidad and Tobago,TTO,2013,0
Trinidad and Tobago,TTO,2014,0.001
Trinidad and Tobago,TTO,2015,0.002
Trinidad and Tobago,TTO,2016,0
Trinidad and Tobago,TTO,2017,0
Trinidad and Tobago,TTO,2018,-0.001
Trinidad and Tobago,TTO,2019,0
Turkey,TUR,1966,0
Turkey,TUR,1967,0
Turkey,TUR,1968,0
Turkey,TUR,1969,0
Turkey,TUR,1970,0
Turkey,TUR,1971,0
Turkey,TUR,1972,0
Turkey,TUR,1973,0
Turkey,TUR,1974,0
Turkey,TUR,1975,0
Turkey,TUR,1976,0
Turkey,TUR,1977,0
Turkey,TUR,1978,0
Turkey,TUR,1979,0
Turkey,TUR,1980,0
Turkey,TUR,1981,0
Turkey,TUR,1982,0
Turkey,TUR,1983,0
Turkey,TUR,1984,0
Turkey,TUR,1985,0
Turkey,TUR,1986,0
Turkey,TUR,1987,0
Turkey,TUR,1988,0
Turkey,TUR,1989,0
Turkey,TUR,1990,0
Turkey,TUR,1991,0
Turkey,TUR,1992,0
Turkey,TUR,1993,0
Turkey,TUR,1994,0
Turkey,TUR,1995,0
Turkey,TUR,1996,0
Turkey,TUR,1997,0
Turkey,TUR,1998,0
Turkey,TUR,1999,0
Turkey,TUR,2000,0
Turkey,TUR,2001,0
Turkey,TUR,2002,0
Turkey,TUR,2003,0
Turkey,TUR,2004,0
Turkey,TUR,2005,0
Turkey,TUR,2006,0
Turkey,TUR,2007,0
Turkey,TUR,2008,0
Turkey,TUR,2009,0
Turkey,TUR,2010,0.006
Turkey,TUR,2011,0.001
Turkey,TUR,2012,0.004
Turkey,TUR,2013,0.006
Turkey,TUR,2014,0.027
Turkey,TUR,2015,0.447
Turkey,TUR,2016,2.132
Turkey,TUR,2017,4.6
Turkey,TUR,2018,12.162
Turkey,TUR,2019,7.654
Turkmenistan,TKM,1986,0
Turkmenistan,TKM,1987,0
Turkmenistan,TKM,1988,0
Turkmenistan,TKM,1989,0
Turkmenistan,TKM,1990,0
Turkmenistan,TKM,1991,0
Turkmenistan,TKM,1992,0
Turkmenistan,TKM,1993,0
Turkmenistan,TKM,1994,0
Turkmenistan,TKM,1995,0
Turkmenistan,TKM,1996,0
Turkmenistan,TKM,1997,0
Turkmenistan,TKM,1998,0
Turkmenistan,TKM,1999,0
Turkmenistan,TKM,2000,0
Turkmenistan,TKM,2001,0
Turkmenistan,TKM,2002,0
Turkmenistan,TKM,2003,0
Turkmenistan,TKM,2004,0
Turkmenistan,TKM,2005,0
Turkmenistan,TKM,2006,0
Turkmenistan,TKM,2007,0
Turkmenistan,TKM,2008,0
Turkmenistan,TKM,2009,0
Turkmenistan,TKM,2010,0
Turkmenistan,TKM,2011,0.001
Turkmenistan,TKM,2012,0.001
Turkmenistan,TKM,2013,0.002
Turkmenistan,TKM,2014,0.003
Turkmenistan,TKM,2015,0.005
Turkmenistan,TKM,2016,0.004
Turkmenistan,TKM,2017,0
Turkmenistan,TKM,2018,0
Turkmenistan,TKM,2019,0
Ukraine,UKR,1986,0
Ukraine,UKR,1987,0
Ukraine,UKR,1988,0
Ukraine,UKR,1989,0
Ukraine,UKR,1990,0
Ukraine,UKR,1991,0
Ukraine,UKR,1992,0
Ukraine,UKR,1993,0
Ukraine,UKR,1994,0
Ukraine,UKR,1995,0
Ukraine,UKR,1996,0
Ukraine,UKR,1997,0
Ukraine,UKR,1998,0
Ukraine,UKR,1999,0
Ukraine,UKR,2000,0
Ukraine,UKR,2001,0
Ukraine,UKR,2002,0
Ukraine,UKR,2003,0
Ukraine,UKR,2004,0
Ukraine,UKR,2005,0
Ukraine,UKR,2006,0
Ukraine,UKR,2007,0
Ukraine,UKR,2008,0
Ukraine,UKR,2009,0
Ukraine,UKR,2010,0
Ukraine,UKR,2011,0.078
Ukraine,UKR,2012,0.78
Ukraine,UKR,2013,0.601
Ukraine,UKR,2014,-0.368
Ukraine,UKR,2015,0.114
Ukraine,UKR,2016,0.029
Ukraine,UKR,2017,0.57
Ukraine,UKR,2018,0.948
Ukraine,UKR,2019,4.455
United Arab Emirates,ARE,1966,0
United Arab Emirates,ARE,1967,0
United Arab Emirates,ARE,1968,0
United Arab Emirates,ARE,1969,0
United Arab Emirates,ARE,1970,0
United Arab Emirates,ARE,1971,0
United Arab Emirates,ARE,1972,0
United Arab Emirates,ARE,1973,0
United Arab Emirates,ARE,1974,0
United Arab Emirates,ARE,1975,0
United Arab Emirates,ARE,1976,0
United Arab Emirates,ARE,1977,0
United Arab Emirates,ARE,1978,0
United Arab Emirates,ARE,1979,0
United Arab Emirates,ARE,1980,0
United Arab Emirates,ARE,1981,0
United Arab Emirates,ARE,1982,0
United Arab Emirates,ARE,1983,0
United Arab Emirates,ARE,1984,0
United Arab Emirates,ARE,1985,0
United Arab Emirates,ARE,1986,0
United Arab Emirates,ARE,1987,0
United Arab Emirates,ARE,1988,0
United Arab Emirates,ARE,1989,0
United Arab Emirates,ARE,1990,0
United Arab Emirates,ARE,1991,0
United Arab Emirates,ARE,1992,0
United Arab Emirates,ARE,1993,0
United Arab Emirates,ARE,1994,0
United Arab Emirates,ARE,1995,0
United Arab Emirates,ARE,1996,0
United Arab Emirates,ARE,1997,0
United Arab Emirates,ARE,1998,0
United Arab Emirates,ARE,1999,0
United Arab Emirates,ARE,2000,0
United Arab Emirates,ARE,2001,0
United Arab Emirates,ARE,2002,0
United Arab Emirates,ARE,2003,0
United Arab Emirates,ARE,2004,0
United Arab Emirates,ARE,2005,0
United Arab Emirates,ARE,2006,0
United Arab Emirates,ARE,2007,0
United Arab Emirates,ARE,2008,0
United Arab Emirates,ARE,2009,0.017
United Arab Emirates,ARE,2010,0.031
United Arab Emirates,ARE,2011,0.006
United Arab Emirates,ARE,2012,0.009
United Arab Emirates,ARE,2013,0.156
United Arab Emirates,ARE,2014,0.566
United Arab Emirates,ARE,2015,-0.003
United Arab Emirates,ARE,2016,0.07
United Arab Emirates,ARE,2017,1.111
United Arab Emirates,ARE,2018,1.303
United Arab Emirates,ARE,2019,7.057
United Kingdom,GBR,1966,0
United Kingdom,GBR,1967,0
United Kingdom,GBR,1968,0
United Kingdom,GBR,1969,0
United Kingdom,GBR,1970,0
United Kingdom,GBR,1971,0
United Kingdom,GBR,1972,0
United Kingdom,GBR,1973,0
United Kingdom,GBR,1974,0
United Kingdom,GBR,1975,0
United Kingdom,GBR,1976,0
United Kingdom,GBR,1977,0
United Kingdom,GBR,1978,0
United Kingdom,GBR,1979,0
United Kingdom,GBR,1980,0
United Kingdom,GBR,1981,0
United Kingdom,GBR,1982,0
United Kingdom,GBR,1983,0
United Kingdom,GBR,1984,0.003
United Kingdom,GBR,1985,0
United Kingdom,GBR,1986,0
United Kingdom,GBR,1987,-0.003
United Kingdom,GBR,1988,0.003
United Kingdom,GBR,1989,-0.003
United Kingdom,GBR,1990,0
United Kingdom,GBR,1991,0
United Kingdom,GBR,1992,0
United Kingdom,GBR,1993,0
United Kingdom,GBR,1994,0
United Kingdom,GBR,1995,0
United Kingdom,GBR,1996,0
United Kingdom,GBR,1997,0
United Kingdom,GBR,1998,0
United Kingdom,GBR,1999,0.003
United Kingdom,GBR,2000,0
United Kingdom,GBR,2001,0.003
United Kingdom,GBR,2002,0.003
United Kingdom,GBR,2003,0
United Kingdom,GBR,2004,0.003
United Kingdom,GBR,2005,0.011
United Kingdom,GBR,2006,0.008
United Kingdom,GBR,2007,0.008
United Kingdom,GBR,2008,0.008
United Kingdom,GBR,2009,0.008
United Kingdom,GBR,2010,0.053
United Kingdom,GBR,2011,0.526
United Kingdom,GBR,2012,2.856
United Kingdom,GBR,2013,1.66
United Kingdom,GBR,2014,5.17
United Kingdom,GBR,2015,8.739
United Kingdom,GBR,2016,7.117
United Kingdom,GBR,2017,2.515
United Kingdom,GBR,2018,3.267
United Kingdom,GBR,2019,-0.565
United States,USA,1966,0
United States,USA,1967,0
United States,USA,1968,0
United States,USA,1969,0
United States,USA,1970,0
United States,USA,1971,0
United States,USA,1972,0
United States,USA,1973,0
United States,USA,1974,0
United States,USA,1975,0
United States,USA,1976,0
United States,USA,1977,0
United States,USA,1978,0
United States,USA,1979,0
United States,USA,1980,0
United States,USA,1981,0
United States,USA,1982,0
United States,USA,1983,0.008
United States,USA,1984,0.006
United States,USA,1985,0.015
United States,USA,1986,0.01
United States,USA,1987,-0.01
United States,USA,1988,-0.004
United States,USA,1989,0.678
United States,USA,1990,0.327
United States,USA,1991,0.298
United States,USA,1992,-0.193
United States,USA,1993,0.184
United States,USA,1994,0.074
United States,USA,1995,0.035
United States,USA,1996,0.075
United States,USA,1997,-0.024
United States,USA,1998,-0.022
United States,USA,1999,-0.018
United States,USA,2000,0
United States,USA,2001,0.145
United States,USA,2002,0.064
United States,USA,2003,0.014
United States,USA,2004,0.226
United States,USA,2005,0.125
United States,USA,2006,0.189
United States,USA,2007,0.706
United States,USA,2008,1.401
United States,USA,2009,1.135
United States,USA,2010,2.41
United States,USA,2011,4.425
United States,USA,2012,10.996
United States,USA,2013,17.788
United States,USA,2014,33.287
United States,USA,2015,25.387
United States,USA,2016,39.631
United States,USA,2017,55.774
United States,USA,2018,39.248
United States,USA,2019,33.928
Uzbekistan,UZB,1986,0
Uzbekistan,UZB,1987,0
Uzbekistan,UZB,1988,0
Uzbekistan,UZB,1989,0
Uzbekistan,UZB,1990,0
Uzbekistan,UZB,1991,0
Uzbekistan,UZB,1992,0
Uzbekistan,UZB,1993,0
Uzbekistan,UZB,1994,0
Uzbekistan,UZB,1995,0
Uzbekistan,UZB,1996,0
Uzbekistan,UZB,1997,0
Uzbekistan,UZB,1998,0
Uzbekistan,UZB,1999,0
Uzbekistan,UZB,2000,0
Uzbekistan,UZB,2001,0
Uzbekistan,UZB,2002,0
Uzbekistan,UZB,2003,0
Uzbekistan,UZB,2004,0
Uzbekistan,UZB,2005,0
Uzbekistan,UZB,2006,0
Uzbekistan,UZB,2007,0
Uzbekistan,UZB,2008,0
Uzbekistan,UZB,2009,0
Uzbekistan,UZB,2010,0
Uzbekistan,UZB,2011,0
Uzbekistan,UZB,2012,0
Uzbekistan,UZB,2013,0
Uzbekistan,UZB,2014,0
Uzbekistan,UZB,2015,0
Uzbekistan,UZB,2016,0.001
Uzbekistan,UZB,2017,0.001
Uzbekistan,UZB,2018,0.002
Uzbekistan,UZB,2019,0.005
Venezuela,VEN,1966,0
Venezuela,VEN,1967,0
Venezuela,VEN,1968,0
Venezuela,VEN,1969,0
Venezuela,VEN,1970,0
Venezuela,VEN,1971,0
Venezuela,VEN,1972,0
Venezuela,VEN,1973,0
Venezuela,VEN,1974,0
Venezuela,VEN,1975,0
Venezuela,VEN,1976,0
Venezuela,VEN,1977,0
Venezuela,VEN,1978,0
Venezuela,VEN,1979,0
Venezuela,VEN,1980,0
Venezuela,VEN,1981,0
Venezuela,VEN,1982,0
Venezuela,VEN,1983,0
Venezuela,VEN,1984,0
Venezuela,VEN,1985,0
Venezuela,VEN,1986,0
Venezuela,VEN,1987,0
Venezuela,VEN,1988,0
Venezuela,VEN,1989,0
Venezuela,VEN,1990,0
Venezuela,VEN,1991,0
Venezuela,VEN,1992,0
Venezuela,VEN,1993,0
Venezuela,VEN,1994,0
Venezuela,VEN,1995,0
Venezuela,VEN,1996,0
Venezuela,VEN,1997,0
Venezuela,VEN,1998,0
Venezuela,VEN,1999,0
Venezuela,VEN,2000,0
Venezuela,VEN,2001,0
Venezuela,VEN,2002,0
Venezuela,VEN,2003,0
Venezuela,VEN,2004,0
Venezuela,VEN,2005,0
Venezuela,VEN,2006,0
Venezuela,VEN,2007,0
Venezuela,VEN,2008,0
Venezuela,VEN,2009,0
Venezuela,VEN,2010,0.006
Venezuela,VEN,2011,0.001
Venezuela,VEN,2012,0.006
Venezuela,VEN,2013,0
Venezuela,VEN,2014,0.003
Venezuela,VEN,2015,0.005
Venezuela,VEN,2016,0.003
Venezuela,VEN,2017,0
Venezuela,VEN,2018,-0.003
Venezuela,VEN,2019,0.007
Vietnam,VNM,1966,0
Vietnam,VNM,1967,0
Vietnam,VNM,1968,0
Vietnam,VNM,1969,0
Vietnam,VNM,1970,0
Vietnam,VNM,1971,0
Vietnam,VNM,1972,0
Vietnam,VNM,1973,0
Vietnam,VNM,1974,0
Vietnam,VNM,1975,0
Vietnam,VNM,1976,0
Vietnam,VNM,1977,0
Vietnam,VNM,1978,0
Vietnam,VNM,1979,0
Vietnam,VNM,1980,0
Vietnam,VNM,1981,0
Vietnam,VNM,1982,0
Vietnam,VNM,1983,0
Vietnam,VNM,1984,0
Vietnam,VNM,1985,0
Vietnam,VNM,1986,0
Vietnam,VNM,1987,0
Vietnam,VNM,1988,0
Vietnam,VNM,1989,0
Vietnam,VNM,1990,0
Vietnam,VNM,1991,0
Vietnam,VNM,1992,0
Vietnam,VNM,1993,0
Vietnam,VNM,1994,0
Vietnam,VNM,1995,0
Vietnam,VNM,1996,0
Vietnam,VNM,1997,0
Vietnam,VNM,1998,0
Vietnam,VNM,1999,0
Vietnam,VNM,2000,0
Vietnam,VNM,2001,0
Vietnam,VNM,2002,0
Vietnam,VNM,2003,0
Vietnam,VNM,2004,0
Vietnam,VNM,2005,0
Vietnam,VNM,2006,0
Vietnam,VNM,2007,0
Vietnam,VNM,2008,0
Vietnam,VNM,2009,0
Vietnam,VNM,2010,0.015
Vietnam,VNM,2011,0
Vietnam,VNM,2012,0
Vietnam,VNM,2013,0
Vietnam,VNM,2014,0.002
Vietnam,VNM,2015,0
Vietnam,VNM,2016,0
Vietnam,VNM,2017,0.007
Vietnam,VNM,2018,0.259
Vietnam,VNM,2019,10.071
World,OWID_WRL,1966,0
World,OWID_WRL,1967,0
World,OWID_WRL,1968,0
World,OWID_WRL,1969,0
World,OWID_WRL,1970,0
World,OWID_WRL,1971,0
World,OWID_WRL,1972,0
World,OWID_WRL,1973,0
World,OWID_WRL,1974,0
World,OWID_WRL,1975,0
World,OWID_WRL,1976,0
World,OWID_WRL,1977,0
World,OWID_WRL,1978,0
World,OWID_WRL,1979,0
World,OWID_WRL,1980,0
World,OWID_WRL,1981,0
World,OWID_WRL,1982,0
World,OWID_WRL,1983,0.008
World,OWID_WRL,1984,0.009
World,OWID_WRL,1985,0.015
World,OWID_WRL,1986,0.01
World,OWID_WRL,1987,-0.013
World,OWID_WRL,1988,-0.001
World,OWID_WRL,1989,0.7
World,OWID_WRL,1990,0.35
World,OWID_WRL,1991,0.325
World,OWID_WRL,1992,-0.102
World,OWID_WRL,1993,0.245
World,OWID_WRL,1994,0.12
World,OWID_WRL,1995,0.113
World,OWID_WRL,1996,0.179
World,OWID_WRL,1997,0.143
World,OWID_WRL,1998,0.209
World,OWID_WRL,1999,0.234
World,OWID_WRL,2000,0.567
World,OWID_WRL,2001,0.754
World,OWID_WRL,2002,0.971
World,OWID_WRL,2003,1.316
World,OWID_WRL,2004,1.9
World,OWID_WRL,2005,3.152
World,OWID_WRL,2006,4.088
World,OWID_WRL,2007,5.347
World,OWID_WRL,2008,12.736
World,OWID_WRL,2009,21.64
World,OWID_WRL,2010,32.89
World,OWID_WRL,2011,80.859
World,OWID_WRL,2012,90.893
World,OWID_WRL,2013,96.511
World,OWID_WRL,2014,147.364
World,OWID_WRL,2015,146.207
World,OWID_WRL,2016,175.71
World,OWID_WRL,2017,291.918
World,OWID_WRL,2018,330.999
World,OWID_WRL,2019,344.629